<ESBConfig>
	<EMSConfiguration>
		<EMSProperties>emsconfig.properties</EMSProperties>

		<!-- DESTINATIONS -->
		<!-- ESBClient needs the 5 standard queues/topics defined. ODS is only 
			really using NOTIFY to notify CLE and SUBSCRIBE.IN to receive incoming messages -->

		<!-- Not used -->
		<Destination jmstype="TOPIC" esbtype="OUT"
			name="FNM.CAPMKTS.SECURITIES.ODS.BUS_MSG.v1_0.OUT" />

		<!-- To receive incoming messages in ODS, EFSS and GPP/TCM -->
		<!-- <Destination jmstype="QUEUE" esbtype="SUBSCRIBED.IN" name="FNM.FMN.MSR00261.MBSPORTAL.ODS.V1.SUBSCRIBED.IN"></Destination> 
			<Destination jmstype="QUEUE" esbtype="SUSPEND" name="FNM.FMN.MSR00261.MBSPORTAL.ODS.V1.SUBSCRIBED.SUSPEND"/> 
			<Destination jmstype="QUEUE" esbtype="SYNCRESPONSE.IN" name="FNM.FMN.MSR00261.MBSPORTAL.ODS.V1.SUBSCRIBED.SYNCRESPONSE.IN"/> -->
		<Destination jmstype="QUEUE" esbtype="SUBSCRIBED.IN"
			name="FNM.CAPMKTS.SECURITIES.ODS.BUS_MSG_LISTENER.v1_0.SUBSCRIBED.IN"></Destination>
		<Destination jmstype="QUEUE" esbtype="SUSPEND"
			name="FNM.CAPMKTS.SECURITIES.ODS.BUS_MSG_LISTENER.v1_0.SUSPEND" />
		<Destination jmstype="QUEUE" esbtype="SYNCRESPONSE.IN"
			name="FNM.CAPMKTS.SECURITIES.ODS.BUS_MSG_LISTENER.v1_0.SYNCRESPONSE.IN" />

		<!-- To send messags to CLE -->
		<Destination jmstype="TOPIC" esbtype="NOTIFY"
			name="FNM.CAPMKTS.SECURITIES.ODS.CLE.v1_0.NOTIFY" />

		<!-- <CompressionEnabled>false</CompressionEnabled> <CompressionThreshold>20000</CompressionThreshold> -->

		<!-- Use this parameter if not feeding the instance through the ESbCLient 
			constructor -->
		<!-- <ClientCredentialsClass>com.fanniemae.securitiesods.ods_core.commonservices.cle.TesterClientCredentials</ClientCredentialsClass> -->
	</EMSConfiguration>
	<EventConfiguration>
		<Producer>mbsdevl</Producer>
		<ApplicationId>MBSPORTAL</ApplicationId>
		<InitiatingUserId>NONE</InitiatingUserId>
		<AuthorizationSource>NONE</AuthorizationSource>
	</EventConfiguration>
</ESBConfig>  	

