[
  {
    "errorCode": "AUTH_00001",
    "errorMessage": "User is not authorized to perform this action.",
    "errorCategory": "API",
    "messageType": "NO_DISP",
    "loggerMessage": "User is not authorized to perform this action.",
    "classificationTypeCode": "SYSTEM_EXCEPTION",
    "logLevel": "error"
  },
  {
    "errorCode": "TRAN_5003",
    "errorMessage": "Invalid Value.",
    "errorCategory": "API",
    "messageType": "DISP",
    "loggerMessage": "Price ticks is invalid - ",
    "classificationTypeCode": "BUSINESS_EXCEPTION",
    "logLevel": "error"
  },
  {
    "errorCode": "TRAN_5002",
    "errorMessage": "Invalid Value.",
    "errorCategory": "API",
    "messageType": "DISP",
    "loggerMessage": "Price handle is invalid - ",
    "classificationTypeCode": "BUSINESS_EXCEPTION",
    "logLevel": "error"
  },
  {
    "errorCode": "TRAN_5001",
    "errorMessage": "Invalid Value.",
    "errorCategory": "API",
    "messageType": "DISP",
    "loggerMessage": "Price handle is empty.",
    "classificationTypeCode": "BUSINESS_EXCEPTION",
    "logLevel": "error"
  },
  {
    "errorCode": "PAGE_1001",
    "errorMessage": "Invalid input parameters.",
    "errorCategory": "API",
    "messageType": "DISP",
    "loggerMessage": "Invalid input parameters - %s",
    "classificationTypeCode": "BUSINESS_EXCEPTION",
    "logLevel": "warn"
  },
  {
    "errorCode": "INTSRV_00002",
    "errorMessage": "Internal system error while retrieving error messages.",
    "errorCategory": "API",
    "messageType": "NO_DISP",
    "loggerMessage": "Internal server error",
    "classificationTypeCode": "SYSTEM_EXCEPTION",
    "logLevel": "error"
  },
  {
    "errorCode": "SYSM_0001",
    "errorMessage": "Unauthorized user.",
    "errorCategory": "API",
    "messageType": "NO_DISP",
    "loggerMessage": "Unauthorized user -",
    "classificationTypeCode": "SYSTEM_EXCEPTION",
    "logLevel": "error"
  },
  {
    "errorCode": "SYSM_0002",
    "errorMessage": "Internal server error.",
    "errorCategory": "API",
    "messageType": "NO_DISP",
    "loggerMessage": "Internal server error",
    "classificationTypeCode": "SYSTEM_EXCEPTION",
    "logLevel": "error"
  },
  {
    "errorCode": "INTSRV_00001",
    "errorMessage": "Internal system error. Please contact support.",
    "errorCategory": "API",
    "messageType": "NONDSP_ERROR",
    "loggerMessage": "Internal server error",
    "classificationTypeCode": "SYSTEM_EXCEPTION",
    "logLevel": "error"
  },
  {
    "errorCode": "PAGE_1000",
    "errorMessage": "Input parameter is empty.",
    "errorCategory": "API",
    "messageType": "NO_DISP",
    "loggerMessage": "Input parameter is empty. - %s",
    "classificationTypeCode": "BUSINESS_EXCEPTION",
    "logLevel": "warn"
  },
  {
    "errorCode": "SYSM_0003",
    "errorMessage": "Internal server error.",
    "errorCategory": "API",
    "messageType": "NO_DISP",
    "loggerMessage": "Cannot connect to the database.",
    "classificationTypeCode": "SYSTEM_EXCEPTION",
    "logLevel": "error"
  },
  {
    "errorCode": "SYSM_0004",
    "errorMessage": "Internal server error.",
    "errorCategory": "API",
    "messageType": "NO_DISP",
    "loggerMessage": "Exception code not found in database.",
    "classificationTypeCode": "SYSTEM_EXCEPTION",
    "logLevel": "error"
  },
  {
    "errorCode": "TRAN_5000",
    "errorMessage": "Transaction id  is not found - ",
    "errorCategory": "API",
    "messageType": "NO_DISP",
    "loggerMessage": "Transaction id  is not found - ",
    "classificationTypeCode": "BUSINESS_EXCEPTION",
    "logLevel": "error"
  }
]