{
  "$schema": "./node_modules/@angular/cli/lib/config/schema.json",
  "project": {
    "name": "ng-cli"
  },
  "apps": [
    {
      "root": "src",
      "outDir": "dist",
      "assets": [
        "assets",
        "favicon.ico"
      ],
      "index": "index.html",
      "main": "main.ts",
      "polyfills": "polyfills/polyfills.ts",
      "test": "test.ts",
      "tsconfig": "tsconfig.app.json",
      "testTsconfig": "tsconfig.spec.json",
      "prefix": "mbsp",
      "styles": [
        "../node_modules/bootstrap-sass/assets/stylesheets/_bootstrap.scss",
        "../node_modules/@fm-ui-adk/components/structure.scss",
        "../node_modules/@fm-ui-adk/themes/alpha/theme.scss",
        "assets/css/fontawesome-all.css",
        "assets/scss/main.scss"
      ],
      "scripts": [],
      "environmentSource": "environments/environment.ts",
      "environments": {
        "local": "environments/environment.ts",
        "dev": "environments/environment.aws.ts",
        "test": "environments/environment.aws.ts",
        "prod": "environments/environment.aws.ts"
      }
    }
  ],
  "lint": [
    {
      "project": "src/tsconfig.app.json",
      "exclude": "**/node_modules/**"
    },
    {
      "project": "src/tsconfig.spec.json",
      "exclude": "**/node_modules/**"
    }
  ],
  "test": {
    "karma": {
      "config": "./karma.conf.js"
    },
    "codeCoverage": {
      "exclude": [
        "src/app/shared/authentication/**.ts",
        "src/app/shared/services/alerts-service.ts",
        "src/app/helpers/**.ts"
      ]
    }
  },
  "defaults": {
    "styleExt": "css",
    "serve": {
      "port": 8080
    },
    "component": {}
  }
}
