<?xml version="1.0" encoding="UTF-8"?>
<!DOCTYPE xml>
<configuration scan="true">
	<include resource="org/springframework/boot/logging/logback/base.xml"/>
	
	<property resource="streaming-logger.properties" />
	
	<!-- 
	# Way to Use Profile
	<springProfile name="LOCAL">
        <property resource="application.properties" />
    </springProfile>
    <springProfile name="DEV">
        <property resource="application.properties" />
    </springProfile>
    -->
    
	<!-- 
	# Another way to Use Direct Value Here
	<property name="LOGS_HOME" value="${user.dir}/mbspstreaming/logs" /> 
	-->


	<appender name="STDOUT" class="ch.qos.logback.core.ConsoleAppender">
		<layout>
			<Pattern>
				%d{yyyy-MM-dd HH:mm:ss.SSS} [%t] [%-5level] -[%mdc{METHOD_NAME}] [%mdc{METHOD_ARGS}] [%mdc{ERROR_TYPE}] [%mdc{ERROR_PROCESS_ID}] [%mdc{ACTION_COMMAND}] [%mdc{HTTP_SESSION_ID}] [%mdc{SOCKET_SESSION_ID}] [%mdc{TOPIC_DESTINATION}] [%mdc{CDX_SESSION_ID}] [%mdc{USER_ID}] [%mdc{SHORT_MSG}] %c{1} - %msg%n
			</Pattern>
		</layout>
	</appender>

	<appender name="FILE-SERVICE"
		class="ch.qos.logback.core.rolling.RollingFileAppender">
		
		<file>${LOGS_HOME}/mbsportalsocket.log</file>

		<rollingPolicy class="ch.qos.logback.core.rolling.FixedWindowRollingPolicy">
			<fileNamePattern>${LOGS_HOME}/mbsportalsocket.log.%i
			</fileNamePattern>
			<minIndex>1</minIndex>
			<maxIndex>10</maxIndex>
		</rollingPolicy>
		<triggeringPolicy
			class="ch.qos.logback.core.rolling.SizeBasedTriggeringPolicy">
			<maxFileSize>10MB</maxFileSize>
		</triggeringPolicy>
		<encoder class="ch.qos.logback.classic.encoder.PatternLayoutEncoder">
			<Pattern>
				%d{yyyy-MM-dd HH:mm:ss.SSS} [%t] [%-5level] -[%mdc{METHOD_NAME}] [%mdc{METHOD_ARGS}] [%mdc{ERROR_TYPE}] [%mdc{ERROR_PROCESS_ID}] [%mdc{ACTION_COMMAND}] [%mdc{HTTP_SESSION_ID}] [%mdc{SOCKET_SESSION_ID}] [%mdc{TOPIC_DESTINATION}] [%mdc{CDX_SESSION_ID}] [%mdc{USER_ID}] [%mdc{SHORT_MSG}] %c{1} - %msg%n
			</Pattern>
		</encoder>
	</appender>
	
	<!-- custom logging levels -->
    <logger name="logging.level.org.springframework.web" level="warn" />
    <logger name="logging.level.org.springframework" level="warn" />
    <logger name="logging.level.com.fanniemae.mbsportal" level="info" />
	<logger name="logging.level.org.apache.http.conn.HttpClientConnectionOperator" level="debug" />

	<logger name="com.fanniemae.mbsportal" level="info" additivity="false">
		<appender-ref ref="FILE-SERVICE" />
		<appender-ref ref="STDOUT" />
	</logger>

	<root level="info">
		<appender-ref ref="FILE-SERVICE" />
		<appender-ref ref="STDOUT" />
	</root>

</configuration>