{
  "firstName": "MBSPT",
  "lastName": "ExecuteTestor1",
  "emailAddress": "jessica_d_schrier@fanniemae.com",
  "mobileNumber": "(202) 752-6632",
  "workNumber": "(202) 752-6632",
  "customerName": "",
  "userName": "p3hbrmnt",
  "sellerServicerNumber": "28577",
  "dealerOrgName": "MOVEMENT MORTGAGE, LLC",
  "dealerOrgId": "MOVEMENT MORTGAGE, LLC",
  "roles": [
    {
      "name": "MBS Trade - Execute",
      "appCode": null,
      "permissions": null
    }
  ],
  "sellerServicerDetails": [],
  "institutionId": "",
  "defaultSellerServicerNumber": "",
  "fannieMaeUser": false,
  "partyShortName": "TEST-C",
  "tspUser": false,
  "userConfig": {
    "directApiUrl": "https://mbsp01-devl.e003.fanniemae.com",
    "webSocketUrl": "http://dilv-fmn-a001.fanniemae.com:8443/mbsp-streaming"
  }
}
