[
  {
    "productId": {
      "identifier": 2,
      "sourceType": "PU",
      "type": "MBS"
    },
    "nameCode": "PC30",
    "nameCodeSortOrder": 3,
    "agencyType": "FN",
    "securityTerm": 360
  },
  {
    "productId": {
      "identifier": 4,
      "sourceType": "PU",
      "type": "MBS"
    },
    "nameCode": "GN30",
    "nameCodeSortOrder": 5,
    "agencyType": "FN",
    "securityTerm": 360
  },
  {
    "productId": {
      "identifier": 1,
      "sourceType": "PU",
      "type": "MBS"
    },
    "nameCode": "FN15",
    "nameCodeSortOrder": 2,
    "agencyType": "FN",
    "securityTerm": 360
  },
  {
    "productId": {
      "identifier": 5,
      "sourceType": "PU",
      "type": "MBS"
    },
    "nameCode": "G230",
    "nameCodeSortOrder": 6,
    "agencyType": "FN",
    "securityTerm": 360
  },
  {
    "productId": {
      "identifier": 3,
      "sourceType": "PU",
      "type": "MBS"
    },
    "nameCode": "PC15",
    "nameCodeSortOrder": 4,
    "agencyType": "FN",
    "securityTerm": 360
  },
  {
    "productId": {
      "identifier": 0,
      "sourceType": "PU",
      "type": "MBS"
    },
    "nameCode": "FN30",
    "nameCodeSortOrder": 1,
    "agencyType": "FN",
    "securityTerm": 360
  }
]
