{
  "firstName": "TraderD",
  "lastName": "ExecuteD",
  "emailAddress": "traderd_executed@fanniemae.com",
  "mobileNumber": "(202) 752-1000",
  "workNumber": "(202) 752-1000",
  "customerName": "",
  "userName": "tdexec23",
  "sellerServicerNumber": "",
  "dealerOrgName": "Fannie Mae",
  "dealerOrgId": "Fannie Mae",
  "roles": [
    {
      "name": "SG-MBSP-NonProd-FM-TRADER-EXECUTE",
      "appCode": null,
      "permissions": null
    }
  ],
  "sellerServicerDetails": [],
  "institutionId": "",
  "defaultSellerServicerNumber": "",
  "fannieMaeUser": true,
  "brsUserName": "w8bkrish",
  "tspUser": false,
  "userConfig": {
    "directApiUrl": "https://mbsp01-devl.e003.fanniemae.com",
    "webSocketUrl": "https://mbsp01-devl-webapp.j22g6rr3zz.us-east-1.elasticbeanstalk.com/mbsp-streaming"
  }
}
