{
  "list": [
    {
      "transReqId": "17H00001",
      "tradeAmount": "4747000",
      "tspShortName": "TSSE",
      "product": {
        "productId": {
          "identifier": 1,
          "sourceType": "PU",
          "nameCode": "PC30",
          "type": "MBS"
        }
      },
      "tradeSettlementDate": "2017-08-04",
      "tradeCouponRate": "4.000",
      "tradeBuySellType": "SELL",
      "stateType": "TRADER_CONFIRMED",
      "pricePercent": null,
      "pricePercentHandleText": "101",
      "pricePercentTicksText": "116",
      "submissionDate": "2017-08-15T14:39:19.352-0400",
      "acceptanceDate": null,
      "traderId": null,
      "lenderId": "42342",
      "lenderName": "LTest1,LName1",
      "traderName": "TTest1,TName1",
      "tradeDate": "10/10/2017",
      "lenderShortName": null,
      "lenderEntityName": "Movement Mortgage llc",
      "tradeSubPortfolioShortName": 713,
      "tradeSrcPrimaryId": -23332

    },
    {
      "transReqId": "17H00221",
      "tradeAmount": "10000000000",
      "tspShortName": "",
      "product": {
        "productId": {
          "identifier": 1,
          "sourceType": "PU",
          "nameCode": "FN15",
          "type": "MBS"
        }
      },
      "tradeSettlementDate": "2017-08-04",
      "tradeCouponRate": "3.500",
      "tradeBuySellType": "SELL",
      "stateType": "LENDER_REJECTED",
      "pricePercent": null,
      "pricePercentHandleText": "null",
      "pricePercentTicksText": null,
      "submissionDate": "2017-08-15T14:56:01.131-0400",
      "acceptanceDate": null,
      "traderId": null,
      "lenderId": "42342",
      "lenderName": "LTest2,LName2",
      "traderName": "TTest2,TName2",
      "tradeDate": "10/11/2017",
      "lenderShortName": null,
      "lenderEntityName": "Test-C",
      "tradeSubPortfolioShortName": 713,
      "tradeSrcPrimaryId": -23332
    },
    {
      "transReqId": "17H00222",
      "tradeAmount": "40000",
      "product": {
        "productId": {
          "identifier": 1,
          "sourceType": "PU",
          "nameCode": "FN15",
          "type": "MBS"
        }
      },
      "tradeSettlementDate": "2017-08-04",
      "tradeCouponRate": "3.500",
      "tradeBuySellType": "SELL",
      "stateType": "LENDER_REJECTED",
      "pricePercent": null,
      "pricePercentHandleText": "null",
      "pricePercentTicksText": null,
      "submissionDate": "2017-08-15T14:59:01.131-0400",
      "acceptanceDate": null,
      "traderId": null,
      "lenderId": "42342",
      "lenderName": "LTest3,LName3",
      "traderName": "TTest3,TName3",
      "tradeDate": "10/11/2017",
      "lenderShortName": null,
      "lenderEntityName": "Movement Mortgage llc",
      "tradeSubPortfolioShortName": 714,
      "tradeSrcPrimaryId": -23334
    },
    {
      "transReqId": "17H00223",
      "tradeAmount": "20000",
      "product": {
        "productId": {
          "identifier": 1,
          "sourceType": "PU",
          "nameCode": "FN15",
          "type": "MBS"
        }
      },
      "tradeSettlementDate": "2017-08-04",
      "tradeCouponRate": "3.500",
      "tradeBuySellType": "SELL",
      "stateType": "TRADER_PASSED",
      "pricePercent": null,
      "pricePercentHandleText": "null",
      "pricePercentTicksText": null,
      "submissionDate": "2017-08-15T14:59:01.131-0400",
      "acceptanceDate": null,
      "traderId": null,
      "lenderId": "42342",
      "lenderName": "LTest3,LName3",
      "traderName": "TTest3,TName3",
      "tradeDate": "10/11/2017",
      "lenderShortName": null,
      "lenderEntityName": "Movement Mortgage llc",
      "tradeSubPortfolioShortName": 714,
      "tradeSrcPrimaryId": -23334
    },
    {
      "transReqId": "17H00224",
      "tradeAmount": "30000",
      "product": {
        "productId": {
          "identifier": 1,
          "sourceType": "PU",
          "nameCode": "FN15",
          "type": "MBS"
        }
      },
      "tradeSettlementDate": "2017-08-04",
      "tradeCouponRate": "3.500",
      "tradeBuySellType": "SELL",
      "stateType": "TRADER_REJECTED",
      "pricePercent": null,
      "pricePercentHandleText": "null",
      "pricePercentTicksText": null,
      "submissionDate": "2017-08-15T14:59:01.131-0400",
      "acceptanceDate": null,
      "traderId": null,
      "lenderId": "42342",
      "lenderName": "LTest3,LName3",
      "traderName": "TTest3,TName3",
      "tradeDate": "10/11/2017",
      "lenderShortName": null,
      "lenderEntityName": "Movement Mortgage llc",
      "tradeSubPortfolioShortName": 714,
      "tradeSrcPrimaryId": -23334
    }
  ],
  "acceptedTrades": true,
  "sortBy": "tradeAmount",
  "sortOrder": "asc",
  "totalRecords": 5,
  "pageIndex": 1,
  "pageSize": 20
}
