[
  {
    "transReqId": "17H00001",
    "tradeAmount": "25000",
    "product": {
      "productId": {
        "identifier": 1,
        "sourceType": "PU",
        "type": "MBS"
      }
    },
    "tradeSettlementDate": "2017-08-04",
    "tradeCouponRate": "4.000",
    "tradeBuySellType": "SELL",
    "stateType": "LENDER_OPEN",
    "pricePercent": "0.0001",
    "pricePercentHandleText": "101",
    "pricePercentTicksText": "116",
    "submissionDate": "2017-08-15T14:39:19.352-0400",
    "lastPublishTime": "2017-08-15T14:39:20.352-0400",
    "acceptanceDate": null,
    "traderId": null,
    "lenderShortName": null,
    "streamPricePercentHandleText": "105",
    "streamPricePercentTicksText": "007",
    "activeVersion": 1,
    "oboLenderSellerServicerNumber": "",
    "tspShortName": "TSSE"
  },
  {
    "transReqId": "17H00002",
    "tradeAmount": "35000",
    "product": {
      "productId": {
        "identifier": 2,
        "sourceType": "PU",
        "type": "MBS"
      }
    },
    "tradeSettlementDate": "2017-08-04",
    "tradeCouponRate": "3.500",
    "tradeBuySellType": "SELL",
    "stateType": "TRADER_PRICED",
    "pricePercent": null,
    "pricePercentTicksText": null,
    "submissionDate": "2017-08-15T14:56:01.131-0400",
    "lastPublishTime": "2017-08-15T14:39:19.352-0400",
    "acceptanceDate": null,
    "traderId": "tdexec23",
    "lenderShortName": null,
    "activeVersion": 3,
    "oboLenderSellerServicerNumber": "10601",
    "tspShortName": "TSSE"
  },
  {
    "transReqId": "17H00003",
    "tradeAmount": "25000",
    "product": {
      "productId": {
        "identifier": 2,
        "sourceType": "PU",
        "type": "MBS"
      }
    },
    "tradeSettlementDate": "2017-08-04",
    "tradeCouponRate": "3.500",
    "tradeBuySellType": "SELL",
    "stateType": "LENDER_ACCEPTED",
    "pricePercent": "0.0001",
    "pricePercentHandleText": "101",
    "pricePercentTicksText": null,
    "submissionDate": "2017-08-15T14:56:01.131-0400",
    "lastPublishTime": "2017-08-15T14:39:19.352-0400",
    "acceptanceDate": null,
    "traderId": "admin12",
    "lenderShortName": null,
    "activeVersion": 4,
    "tspShortName": "TSSE"
  }
]
