{
  "firstName": "MBSP",
  "lastName": "Compass",
  "emailAddress": "jessica_d_schrier@fanniemae.com",
  "mobileNumber": "(703) 833-8835",
  "workNumber": "(703) 833-8835",
  "customerName": "",
  "userName": "p4b0kmxt",
  "sellerServicerNumber": "31601",
  "dealerOrgName": "UCDP-TEST NON-SSN",
  "dealerOrgId": "UCDP-TEST NON-SSN",
  "roles": [
    {
      "name": "MBS Trade_TSP - Execute",
      "appCode": null,
      "permissions": null
    }
  ],
  "sellerServicerDetails": [],
  "institutionId": "",
  "defaultSellerServicerNumber": "",
  "fannieMaeUser": false,
  "partyShortName": "COMP",
  "tspLenders": [
    {
      "lenderSellerServicerNumber": "27092",
      "effectiveDate": "2018-05-23",
      "expirationDate": null,
      "name": "Fairway Independent Mortgage Corp.",
      "shortName": "TEST-C"
    },
    {
      "lenderSellerServicerNumber": "19659",
      "effectiveDate": "2018-05-23",
      "expirationDate": null,
      "name": "Merrimack Mortgage",
      "shortName": "TEST-C"
    },
    {
      "lenderSellerServicerNumber": "17575",
      "effectiveDate": "2018-05-23",
      "expirationDate": null,
      "name": "First National Bank of Pennsylvania",
      "shortName": "TEST-C"
    },
    {
      "lenderSellerServicerNumber": "30985",
      "effectiveDate": "2018-05-23",
      "expirationDate": null,
      "name": "Atlantic Coast Mortgage, LLC",
      "shortName": "TEST-C"
    },
    {
      "lenderSellerServicerNumber": "29752",
      "effectiveDate": "2018-05-23",
      "expirationDate": null,
      "name": "Atlantic Bay Mortgage Group, LLC",
      "shortName": "TEST-C"
    },
    {
      "lenderSellerServicerNumber": "27998",
      "effectiveDate": "2018-05-23",
      "expirationDate": null,
      "name": "Norwich Commercial Group Inc.",
      "shortName": "TEST-C"
    },
    {
      "lenderSellerServicerNumber": "29165",
      "effectiveDate": "2018-05-23",
      "expirationDate": null,
      "name": "Integrity Home Mortgage Corp.",
      "shortName": "TEST-C"
    },
    {
      "lenderSellerServicerNumber": "25134",
      "effectiveDate": "2018-05-23",
      "expirationDate": null,
      "name": "Lake Michigan Credit Union",
      "shortName": "TEST-C"
    },
    {
      "lenderSellerServicerNumber": "23999",
      "effectiveDate": "2018-05-23",
      "expirationDate": null,
      "name": "Franklin American Mortgage Company",
      "shortName": "TEST-C"
    },
    {
      "lenderSellerServicerNumber": "10601",
      "effectiveDate": "2018-05-23",
      "expirationDate": null,
      "name": "First Federal Bank of Florida",
      "shortName": "TEST-C"
    }
  ],
  "tspUser": true,
  "userConfig": {
    "directApiUrl": "https://mbsp01-devl.e003.fanniemae.com",
    "webSocketUrl": "http://dilv-fmn-a001.fanniemae.com:8443/mbsp-streaming"
  }
}
