<?xml version="1.0" encoding="UTF-8"?>
<con:soapui-project id="2fb1235b-0615-4212-b7c5-702c4c56afe3" activeEnvironment="Default" name="MBSP-R2.4-L2-Support" resourceRoot="" soapui-version="5.2.1" xmlns:con="http://eviware.com/soapui/config"><con:settings/><con:interface xsi:type="con:RestService" id="ec002d13-983d-4b86-8692-006d7a37a964" wadlVersion="http://wadl.dev.java.net/2009/02" name="https://mbsp-prod-eb-01-webapp.us-east-1.e001.fanniemae.com" type="rest" xmlns:xsi="http://www.w3.org/2001/XMLSchema-instance"><con:settings/><con:definitionCache/><con:endpoints><con:endpoint>https://mbsp-prod-eb-01-webapp.us-east-1.e001.fanniemae.com</con:endpoint></con:endpoints><con:resource name="LOAD-PRODUCT" path="/mbsproducts" id="eead3138-9ba2-4e29-a224-9cdaf7f2284a"><con:settings/><con:parameters/><con:method name="Method 1" id="ddd17825-3217-40c5-a0c3-320ea4cd2e78" method="POST"><con:settings/><con:parameters/><con:request name="prod-0" id="a04e084b-0a49-454a-8e22-2fae60a318c0" mediaType="application/json" postQueryString="false"><con:settings><con:setting id="com.eviware.soapui.impl.wsdl.WsdlRequest@request-headers">&lt;xml-fragment xmlns:con="http://eviware.com/soapui/config">
  &lt;con:entry key="x-fnma-channel" value="web"/>
  &lt;con:entry key="x-fnma-sub-channel" value="MBSP"/>
  &lt;con:entry key="x-fnma-sessionid" value=""/>
&lt;/xml-fragment></con:setting></con:settings><con:endpoint>https://mbsp-prod-eb-01-webapp.us-east-1.e001.fanniemae.com</con:endpoint><con:request>{
  "productId": {
    "identifier": 0,
    "sourceType": "PU",
    "type": "MBS"
  },
  "nameCode": "FN30",
  "brsSubPortfolioShortName": "FP004",
  "puNameCode": "FN30",
  "brsNameCode": "FN30",
  "nameCodeSortOrder": 1,
  "agencyType": "FN",
  "securityTerm": 360,
  "description": "Fannie 30 Yr Fixed"
}</con:request><con:credentials><con:authType>No Authorization</con:authType></con:credentials><con:jmsConfig JMSDeliveryMode="PERSISTENT"/><con:jmsPropertyConfig/><con:parameters/></con:request><con:request name="prod-1" id="a04e084b-0a49-454a-8e22-2fae60a318c0" mediaType="application/json" postQueryString="false"><con:settings><con:setting id="com.eviware.soapui.impl.wsdl.WsdlRequest@request-headers">&lt;xml-fragment xmlns:con="http://eviware.com/soapui/config">
  &lt;con:entry key="x-fnma-channel" value="web"/>
  &lt;con:entry key="x-fnma-sub-channel" value="MBSP"/>
  &lt;con:entry key="x-fnma-sessionid" value=""/>
&lt;/xml-fragment></con:setting></con:settings><con:endpoint>https://mbsp-prod-eb-01-webapp.us-east-1.e001.fanniemae.com</con:endpoint><con:request>{
  "productId": {
    "identifier": 1,
    "sourceType": "PU",
    "type": "MBS"
  },
  "nameCode": "FN15",
  "brsSubPortfolioShortName": "FP004",
  "puNameCode": "FN15",
  "brsNameCode": "FN15",
  "nameCodeSortOrder": 2,
  "agencyType": "FN",
  "securityTerm": 180,
  "description": "Fannie 15 Yr Fixed"
}</con:request><con:credentials><con:authType>No Authorization</con:authType></con:credentials><con:jmsConfig JMSDeliveryMode="PERSISTENT"/><con:jmsPropertyConfig/><con:parameters/></con:request><con:request name="prod-2" id="a04e084b-0a49-454a-8e22-2fae60a318c0" mediaType="application/json" postQueryString="false"><con:settings><con:setting id="com.eviware.soapui.impl.wsdl.WsdlRequest@request-headers">&lt;xml-fragment xmlns:con="http://eviware.com/soapui/config">
  &lt;con:entry key="x-fnma-channel" value="web"/>
  &lt;con:entry key="x-fnma-sub-channel" value="MBSP"/>
  &lt;con:entry key="x-fnma-sessionid" value=""/>
&lt;/xml-fragment></con:setting></con:settings><con:endpoint>https://mbsp-prod-eb-01-webapp.us-east-1.e001.fanniemae.com</con:endpoint><con:request>{
  "productId": {
    "identifier": 2,
    "sourceType": "PU",
    "type": "MBS"
  },
  "nameCode": "PC30",
  "brsSubPortfolioShortName": "FP004",
  "puNameCode": "FR30",
  "brsNameCode": "FG30",
  "nameCodeSortOrder": 3,
  "agencyType": "FR",
  "securityTerm": 360,
  "description": "Freddie 30 Yr Fixed"
}</con:request><con:credentials><con:authType>No Authorization</con:authType></con:credentials><con:jmsConfig JMSDeliveryMode="PERSISTENT"/><con:jmsPropertyConfig/><con:parameters/></con:request><con:request name="prod-3" id="a04e084b-0a49-454a-8e22-2fae60a318c0" mediaType="application/json" postQueryString="false"><con:settings><con:setting id="com.eviware.soapui.impl.wsdl.WsdlRequest@request-headers">&lt;xml-fragment xmlns:con="http://eviware.com/soapui/config">
  &lt;con:entry key="x-fnma-channel" value="web"/>
  &lt;con:entry key="x-fnma-sub-channel" value="MBSP"/>
  &lt;con:entry key="x-fnma-sessionid" value=""/>
&lt;/xml-fragment></con:setting></con:settings><con:endpoint>https://mbsp-prod-eb-01-webapp.us-east-1.e001.fanniemae.com</con:endpoint><con:request>{
  "productId": {
    "identifier": 3,
    "sourceType": "PU",
    "type": "MBS"
  },
  "nameCode": "PC15",
  "brsSubPortfolioShortName": "FP004",
  "puNameCode": "FR15",
  "brsNameCode": "FG15",
  "nameCodeSortOrder": 4,
  "agencyType": "FR",
  "securityTerm": 180,
  "description": "Freddie 15 Yr Fixed"
}</con:request><con:credentials><con:authType>No Authorization</con:authType></con:credentials><con:jmsConfig JMSDeliveryMode="PERSISTENT"/><con:jmsPropertyConfig/><con:parameters/></con:request><con:request name="prod-4" id="a04e084b-0a49-454a-8e22-2fae60a318c0" mediaType="application/json" postQueryString="false"><con:settings><con:setting id="com.eviware.soapui.impl.wsdl.WsdlRequest@request-headers">&lt;xml-fragment xmlns:con="http://eviware.com/soapui/config">
  &lt;con:entry key="x-fnma-channel" value="web"/>
  &lt;con:entry key="x-fnma-sub-channel" value="MBSP"/>
  &lt;con:entry key="x-fnma-sessionid" value=""/>
&lt;/xml-fragment></con:setting></con:settings><con:endpoint>https://mbsp-prod-eb-01-webapp.us-east-1.e001.fanniemae.com</con:endpoint><con:request>{
  "productId": {
    "identifier": 4,
    "sourceType": "PU",
    "type": "MBS"
  },
  "nameCode": "GN30",
  "brsSubPortfolioShortName": "FP018",
  "puNameCode": "G130",
  "brsNameCode": "GN30",
  "nameCodeSortOrder": 5,
  "agencyType": "G1",
  "securityTerm": 360,
  "description": "Ginnie 30 Yr Fixed"
}</con:request><con:credentials><con:authType>No Authorization</con:authType></con:credentials><con:jmsConfig JMSDeliveryMode="PERSISTENT"/><con:jmsPropertyConfig/><con:parameters/></con:request><con:request name="prod-5" id="a04e084b-0a49-454a-8e22-2fae60a318c0" mediaType="application/json" postQueryString="false"><con:settings><con:setting id="com.eviware.soapui.impl.wsdl.WsdlRequest@request-headers">&lt;xml-fragment xmlns:con="http://eviware.com/soapui/config">
  &lt;con:entry key="x-fnma-channel" value="web"/>
  &lt;con:entry key="x-fnma-sub-channel" value="MBSP"/>
  &lt;con:entry key="x-fnma-sessionid" value=""/>
&lt;/xml-fragment></con:setting></con:settings><con:endpoint>https://mbsp-prod-eb-01-webapp.us-east-1.e001.fanniemae.com</con:endpoint><con:request>{
  "productId": {
    "identifier": 5,
    "sourceType": "PU",
    "type": "MBS"
  },
  "nameCode": "G230",
  "brsSubPortfolioShortName": "FP018",
  "puNameCode": "G230",
  "brsNameCode": "G230",
  "nameCodeSortOrder": 6,
  "agencyType": "G2",
  "securityTerm": 360,
  "description": "Ginnie II 30 Yr Fixed"
}</con:request><con:credentials><con:authType>No Authorization</con:authType></con:credentials><con:jmsConfig JMSDeliveryMode="PERSISTENT"/><con:jmsPropertyConfig/><con:parameters/></con:request></con:method></con:resource></con:interface><con:properties/><con:wssContainer/><con:oAuth2ProfileContainer/></con:soapui-project>