<?xml version="1.0" encoding="UTF-8"?>
<con:soapui-project id="6e541db7-4d93-490f-b711-5175c992a979" activeEnvironment="Default" name="MBSP-R2.2-L2-Support" resourceRoot="" soapui-version="5.2.1" abortOnError="false" runType="SEQUENTIAL" xmlns:con="http://eviware.com/soapui/config"><con:settings/><con:interface xsi:type="con:RestService" id="c3a5c26e-2f7c-40c4-bf23-355200d77b12" wadlVersion="http://wadl.dev.java.net/2009/02" name="https://api.fanniemae.com" type="rest" xmlns:xsi="http://www.w3.org/2001/XMLSchema-instance"><con:settings/><con:definitionCache/><con:endpoints><con:endpoint>https://api.fanniemae.com/cdxapi</con:endpoint><con:endpoint>https://api.fanniemae.com/fmnapi</con:endpoint></con:endpoints><con:resource name="LOGIN-GW-ADMIN" path="/cdxlogin" id="0596b013-fea3-4995-971a-2a677871b342"><con:settings/><con:parameters/><con:method name="Fmnapi" id="530a470d-6f48-4818-9e58-ea0c670b53ea" method="GET"><con:settings/><con:parameters/><con:request name="get_session" id="7fd0083b-9f8a-4e43-9032-a6d0d6687ce6" mediaType="application/json"><con:settings><con:setting id="com.eviware.soapui.impl.wsdl.WsdlRequest@request-headers"><![CDATA[<xml-fragment xmlns:con="http://eviware.com/soapui/config">
  <con:entry key="x-fnma-channel" value="web"/>
  <con:entry key="Authorization" value="Basic &lt;>"/>
  <con:entry key="x-fnma-sub-channel" value="MBSP"/>
</xml-fragment>]]></con:setting></con:settings><con:endpoint>https://api.fanniemae.com/cdxapi</con:endpoint><con:request/><con:credentials><con:authType>No Authorization</con:authType></con:credentials><con:jmsConfig JMSDeliveryMode="PERSISTENT"/><con:jmsPropertyConfig/><con:parameters/></con:request></con:method></con:resource><con:resource name="LOAD-PRODUCTS-PRICE" path="/mbsproductpricing" id="99c4df3a-f380-465b-9218-3f98e3ac1d2c"><con:settings/><con:parameters/><con:method name="Method 1" id="eebc9b3d-7b2c-486a-943f-9dbdb8ba53e8" method="POST"><con:settings/><con:parameters/><con:representation type="RESPONSE"><con:mediaType xsi:nil="true"/><con:status>200</con:status><con:params/><con:element>data</con:element></con:representation><con:representation type="REQUEST"><con:mediaType>application/json</con:mediaType><con:params/></con:representation><con:request name="prod_pricing" id="aabe2ca3-d3a3-44ff-97db-2992e8be1648" mediaType="application/json" postQueryString="false"><con:settings><con:setting id="com.eviware.soapui.impl.wsdl.WsdlRequest@request-headers">&lt;xml-fragment xmlns:con="http://eviware.com/soapui/config">
  &lt;con:entry key="x-fnma-channel" value="web"/>
  &lt;con:entry key="x-fnma-sub-channel" value="MBSP"/>
  &lt;con:entry key="x-fnma-sessionid" value=""/>
&lt;/xml-fragment></con:setting></con:settings><con:endpoint>https://api.fanniemae.com/fmnapi</con:endpoint><con:request>[
  {
    "buySellIndicator": "Buy",
    "effectiveDate": "2017-09-14",
    "marketTermType": 360,
    "passThroughRate": 2.5,
    "productId": {
      "identifier": 0,
      "sourceType": "PU",
      "type": "MBS"
    },
    "productNameCode": "FN30",
    "settlementDate": "2018-05-14"
  },
  {
    "buySellIndicator": "Buy",
    "effectiveDate": "2017-09-14",
    "marketTermType": 360,
    "passThroughRate": 2.5,
    "productId": {
      "identifier": 0,
      "sourceType": "PU",
      "type": "MBS"
    },
    "productNameCode": "FN30",
    "settlementDate": "2018-06-13"
  },
  {
    "buySellIndicator": "Buy",
    "effectiveDate": "2017-09-14",
    "marketTermType": 360,
    "passThroughRate": 2.5,
    "productId": {
      "identifier": 0,
      "sourceType": "PU",
      "type": "MBS"
    },
    "productNameCode": "FN30",
    "settlementDate": "2018-07-12"
  },
  {
    "buySellIndicator": "Buy",
    "effectiveDate": "2017-09-14",
    "marketTermType": 360,
    "passThroughRate": 2.5,
    "productId": {
      "identifier": 0,
      "sourceType": "PU",
      "type": "MBS"
    },
    "productNameCode": "FN30",
    "settlementDate": "2018-08-13"
  },
  {
    "buySellIndicator": "Buy",
    "effectiveDate": "2017-09-14",
    "marketTermType": 360,
    "passThroughRate": 2.5,
    "productId": {
      "identifier": 0,
      "sourceType": "PU",
      "type": "MBS"
    },
    "productNameCode": "FN30",
    "settlementDate": "2018-09-13"
  },
  {
    "buySellIndicator": "Buy",
    "effectiveDate": "2017-09-14",
    "marketTermType": 360,
    "passThroughRate": 2.5,
    "productId": {
      "identifier": 0,
      "sourceType": "PU",
      "type": "MBS"
    },
    "productNameCode": "FN30",
    "settlementDate": "2018-10-11"
  },
  {
    "buySellIndicator": "Buy",
    "effectiveDate": "2017-09-14",
    "marketTermType": 360,
    "passThroughRate": 2.5,
    "productId": {
      "identifier": 0,
      "sourceType": "PU",
      "type": "MBS"
    },
    "productNameCode": "FN30",
    "settlementDate": "2018-11-13"
  },
  {
    "buySellIndicator": "Buy",
    "effectiveDate": "2017-09-14",
    "marketTermType": 360,
    "passThroughRate": 3,
    "productId": {
      "identifier": 0,
      "sourceType": "PU",
      "type": "MBS"
    },
    "productNameCode": "FN30",
    "settlementDate": "2018-05-14"
  },
  {
    "buySellIndicator": "Buy",
    "effectiveDate": "2017-09-14",
    "marketTermType": 360,
    "passThroughRate": 3,
    "productId": {
      "identifier": 0,
      "sourceType": "PU",
      "type": "MBS"
    },
    "productNameCode": "FN30",
    "settlementDate": "2018-06-13"
  },
  {
    "buySellIndicator": "Buy",
    "effectiveDate": "2017-09-14",
    "marketTermType": 360,
    "passThroughRate": 3,
    "productId": {
      "identifier": 0,
      "sourceType": "PU",
      "type": "MBS"
    },
    "productNameCode": "FN30",
    "settlementDate": "2018-07-12"
  },
  {
    "buySellIndicator": "Buy",
    "effectiveDate": "2017-09-14",
    "marketTermType": 360,
    "passThroughRate": 3,
    "productId": {
      "identifier": 0,
      "sourceType": "PU",
      "type": "MBS"
    },
    "productNameCode": "FN30",
    "settlementDate": "2018-08-13"
  },
  {
    "buySellIndicator": "Buy",
    "effectiveDate": "2017-09-14",
    "marketTermType": 360,
    "passThroughRate": 3,
    "productId": {
      "identifier": 0,
      "sourceType": "PU",
      "type": "MBS"
    },
    "productNameCode": "FN30",
    "settlementDate": "2018-09-13"
  },
  {
    "buySellIndicator": "Buy",
    "effectiveDate": "2017-09-14",
    "marketTermType": 360,
    "passThroughRate": 3,
    "productId": {
      "identifier": 0,
      "sourceType": "PU",
      "type": "MBS"
    },
    "productNameCode": "FN30",
    "settlementDate": "2018-10-11"
  },
  {
    "buySellIndicator": "Buy",
    "effectiveDate": "2017-09-14",
    "marketTermType": 360,
    "passThroughRate": 3,
    "productId": {
      "identifier": 0,
      "sourceType": "PU",
      "type": "MBS"
    },
    "productNameCode": "FN30",
    "settlementDate": "2018-11-13"
  },
  {
    "buySellIndicator": "Buy",
    "effectiveDate": "2017-09-14",
    "marketTermType": 360,
    "passThroughRate": 3.5,
    "productId": {
      "identifier": 0,
      "sourceType": "PU",
      "type": "MBS"
    },
    "productNameCode": "FN30",
    "settlementDate": "2018-05-14"
  },
  {
    "buySellIndicator": "Buy",
    "effectiveDate": "2017-09-14",
    "marketTermType": 360,
    "passThroughRate": 3.5,
    "productId": {
      "identifier": 0,
      "sourceType": "PU",
      "type": "MBS"
    },
    "productNameCode": "FN30",
    "settlementDate": "2018-06-13"
  },
  {
    "buySellIndicator": "Buy",
    "effectiveDate": "2017-09-14",
    "marketTermType": 360,
    "passThroughRate": 3.5,
    "productId": {
      "identifier": 0,
      "sourceType": "PU",
      "type": "MBS"
    },
    "productNameCode": "FN30",
    "settlementDate": "2018-07-12"
  },
  {
    "buySellIndicator": "Buy",
    "effectiveDate": "2017-09-14",
    "marketTermType": 360,
    "passThroughRate": 3.5,
    "productId": {
      "identifier": 0,
      "sourceType": "PU",
      "type": "MBS"
    },
    "productNameCode": "FN30",
    "settlementDate": "2018-08-13"
  },
  {
    "buySellIndicator": "Buy",
    "effectiveDate": "2017-09-14",
    "marketTermType": 360,
    "passThroughRate": 3.5,
    "productId": {
      "identifier": 0,
      "sourceType": "PU",
      "type": "MBS"
    },
    "productNameCode": "FN30",
    "settlementDate": "2018-09-13"
  },
  {
    "buySellIndicator": "Buy",
    "effectiveDate": "2017-09-14",
    "marketTermType": 360,
    "passThroughRate": 3.5,
    "productId": {
      "identifier": 0,
      "sourceType": "PU",
      "type": "MBS"
    },
    "productNameCode": "FN30",
    "settlementDate": "2018-10-11"
  },
  {
    "buySellIndicator": "Buy",
    "effectiveDate": "2017-09-14",
    "marketTermType": 360,
    "passThroughRate": 3.5,
    "productId": {
      "identifier": 0,
      "sourceType": "PU",
      "type": "MBS"
    },
    "productNameCode": "FN30",
    "settlementDate": "2018-11-13"
  },
  {
    "buySellIndicator": "Buy",
    "effectiveDate": "2017-09-14",
    "marketTermType": 360,
    "passThroughRate": 4,
    "productId": {
      "identifier": 0,
      "sourceType": "PU",
      "type": "MBS"
    },
    "productNameCode": "FN30",
    "settlementDate": "2018-05-14"
  },
  {
    "buySellIndicator": "Buy",
    "effectiveDate": "2017-09-14",
    "marketTermType": 360,
    "passThroughRate": 4,
    "productId": {
      "identifier": 0,
      "sourceType": "PU",
      "type": "MBS"
    },
    "productNameCode": "FN30",
    "settlementDate": "2018-06-13"
  },
  {
    "buySellIndicator": "Buy",
    "effectiveDate": "2017-09-14",
    "marketTermType": 360,
    "passThroughRate": 4,
    "productId": {
      "identifier": 0,
      "sourceType": "PU",
      "type": "MBS"
    },
    "productNameCode": "FN30",
    "settlementDate": "2018-07-12"
  },
  {
    "buySellIndicator": "Buy",
    "effectiveDate": "2017-09-14",
    "marketTermType": 360,
    "passThroughRate": 4,
    "productId": {
      "identifier": 0,
      "sourceType": "PU",
      "type": "MBS"
    },
    "productNameCode": "FN30",
    "settlementDate": "2018-08-13"
  },
  {
    "buySellIndicator": "Buy",
    "effectiveDate": "2017-09-14",
    "marketTermType": 360,
    "passThroughRate": 4,
    "productId": {
      "identifier": 0,
      "sourceType": "PU",
      "type": "MBS"
    },
    "productNameCode": "FN30",
    "settlementDate": "2018-09-13"
  },
  {
    "buySellIndicator": "Buy",
    "effectiveDate": "2017-09-14",
    "marketTermType": 360,
    "passThroughRate": 4,
    "productId": {
      "identifier": 0,
      "sourceType": "PU",
      "type": "MBS"
    },
    "productNameCode": "FN30",
    "settlementDate": "2018-10-11"
  },
  {
    "buySellIndicator": "Buy",
    "effectiveDate": "2017-09-14",
    "marketTermType": 360,
    "passThroughRate": 4,
    "productId": {
      "identifier": 0,
      "sourceType": "PU",
      "type": "MBS"
    },
    "productNameCode": "FN30",
    "settlementDate": "2018-11-13"
  },
  {
    "buySellIndicator": "Buy",
    "effectiveDate": "2017-09-14",
    "marketTermType": 360,
    "passThroughRate": 4.5,
    "productId": {
      "identifier": 0,
      "sourceType": "PU",
      "type": "MBS"
    },
    "productNameCode": "FN30",
    "settlementDate": "2018-05-14"
  },
  {
    "buySellIndicator": "Buy",
    "effectiveDate": "2017-09-14",
    "marketTermType": 360,
    "passThroughRate": 4.5,
    "productId": {
      "identifier": 0,
      "sourceType": "PU",
      "type": "MBS"
    },
    "productNameCode": "FN30",
    "settlementDate": "2018-06-13"
  },
  {
    "buySellIndicator": "Buy",
    "effectiveDate": "2017-09-14",
    "marketTermType": 360,
    "passThroughRate": 4.5,
    "productId": {
      "identifier": 0,
      "sourceType": "PU",
      "type": "MBS"
    },
    "productNameCode": "FN30",
    "settlementDate": "2018-07-12"
  },
  {
    "buySellIndicator": "Buy",
    "effectiveDate": "2017-09-14",
    "marketTermType": 360,
    "passThroughRate": 4.5,
    "productId": {
      "identifier": 0,
      "sourceType": "PU",
      "type": "MBS"
    },
    "productNameCode": "FN30",
    "settlementDate": "2018-08-13"
  },
  {
    "buySellIndicator": "Buy",
    "effectiveDate": "2017-09-14",
    "marketTermType": 360,
    "passThroughRate": 4.5,
    "productId": {
      "identifier": 0,
      "sourceType": "PU",
      "type": "MBS"
    },
    "productNameCode": "FN30",
    "settlementDate": "2018-09-13"
  },
  {
    "buySellIndicator": "Buy",
    "effectiveDate": "2017-09-14",
    "marketTermType": 360,
    "passThroughRate": 4.5,
    "productId": {
      "identifier": 0,
      "sourceType": "PU",
      "type": "MBS"
    },
    "productNameCode": "FN30",
    "settlementDate": "2018-10-11"
  },
  {
    "buySellIndicator": "Buy",
    "effectiveDate": "2017-09-14",
    "marketTermType": 360,
    "passThroughRate": 4.5,
    "productId": {
      "identifier": 0,
      "sourceType": "PU",
      "type": "MBS"
    },
    "productNameCode": "FN30",
    "settlementDate": "2018-11-13"
  },
  {
    "buySellIndicator": "Buy",
    "effectiveDate": "2017-09-14",
    "marketTermType": 360,
    "passThroughRate": 5,
    "productId": {
      "identifier": 0,
      "sourceType": "PU",
      "type": "MBS"
    },
    "productNameCode": "FN30",
    "settlementDate": "2018-05-14"
  },
  {
    "buySellIndicator": "Buy",
    "effectiveDate": "2017-09-14",
    "marketTermType": 360,
    "passThroughRate": 5,
    "productId": {
      "identifier": 0,
      "sourceType": "PU",
      "type": "MBS"
    },
    "productNameCode": "FN30",
    "settlementDate": "2018-06-13"
  },
  {
    "buySellIndicator": "Buy",
    "effectiveDate": "2017-09-14",
    "marketTermType": 360,
    "passThroughRate": 5,
    "productId": {
      "identifier": 0,
      "sourceType": "PU",
      "type": "MBS"
    },
    "productNameCode": "FN30",
    "settlementDate": "2018-07-12"
  },
  {
    "buySellIndicator": "Buy",
    "effectiveDate": "2017-09-14",
    "marketTermType": 360,
    "passThroughRate": 5,
    "productId": {
      "identifier": 0,
      "sourceType": "PU",
      "type": "MBS"
    },
    "productNameCode": "FN30",
    "settlementDate": "2018-08-13"
  },
  {
    "buySellIndicator": "Buy",
    "effectiveDate": "2017-09-14",
    "marketTermType": 360,
    "passThroughRate": 5,
    "productId": {
      "identifier": 0,
      "sourceType": "PU",
      "type": "MBS"
    },
    "productNameCode": "FN30",
    "settlementDate": "2018-09-13"
  },
  {
    "buySellIndicator": "Buy",
    "effectiveDate": "2017-09-14",
    "marketTermType": 360,
    "passThroughRate": 5,
    "productId": {
      "identifier": 0,
      "sourceType": "PU",
      "type": "MBS"
    },
    "productNameCode": "FN30",
    "settlementDate": "2018-10-11"
  },
  {
    "buySellIndicator": "Buy",
    "effectiveDate": "2017-09-14",
    "marketTermType": 360,
    "passThroughRate": 5,
    "productId": {
      "identifier": 0,
      "sourceType": "PU",
      "type": "MBS"
    },
    "productNameCode": "FN30",
    "settlementDate": "2018-11-13"
  },
  {
    "buySellIndicator": "Buy",
    "effectiveDate": "2017-09-14",
    "marketTermType": 180,
    "passThroughRate": 2,
    "productId": {
      "identifier": 1,
      "sourceType": "PU",
      "type": "MBS"
    },
    "productNameCode": "FN15",
    "settlementDate": "2018-05-17"
  },
  {
    "buySellIndicator": "Buy",
    "effectiveDate": "2017-09-14",
    "marketTermType": 180,
    "passThroughRate": 2,
    "productId": {
      "identifier": 1,
      "sourceType": "PU",
      "type": "MBS"
    },
    "productNameCode": "FN15",
    "settlementDate": "2018-06-18"
  },
  {
    "buySellIndicator": "Buy",
    "effectiveDate": "2017-09-14",
    "marketTermType": 180,
    "passThroughRate": 2,
    "productId": {
      "identifier": 1,
      "sourceType": "PU",
      "type": "MBS"
    },
    "productNameCode": "FN15",
    "settlementDate": "2018-07-17"
  },
  {
    "buySellIndicator": "Buy",
    "effectiveDate": "2017-09-14",
    "marketTermType": 180,
    "passThroughRate": 2,
    "productId": {
      "identifier": 1,
      "sourceType": "PU",
      "type": "MBS"
    },
    "productNameCode": "FN15",
    "settlementDate": "2018-08-16"
  },
  {
    "buySellIndicator": "Buy",
    "effectiveDate": "2017-09-14",
    "marketTermType": 180,
    "passThroughRate": 2,
    "productId": {
      "identifier": 1,
      "sourceType": "PU",
      "type": "MBS"
    },
    "productNameCode": "FN15",
    "settlementDate": "2018-09-18"
  },
  {
    "buySellIndicator": "Buy",
    "effectiveDate": "2017-09-14",
    "marketTermType": 180,
    "passThroughRate": 2,
    "productId": {
      "identifier": 1,
      "sourceType": "PU",
      "type": "MBS"
    },
    "productNameCode": "FN15",
    "settlementDate": "2018-10-16"
  },
  {
    "buySellIndicator": "Buy",
    "effectiveDate": "2017-09-14",
    "marketTermType": 180,
    "passThroughRate": 2,
    "productId": {
      "identifier": 1,
      "sourceType": "PU",
      "type": "MBS"
    },
    "productNameCode": "FN15",
    "settlementDate": "2018-11-15"
  },
  {
    "buySellIndicator": "Buy",
    "effectiveDate": "2017-09-14",
    "marketTermType": 180,
    "passThroughRate": 2.5,
    "productId": {
      "identifier": 1,
      "sourceType": "PU",
      "type": "MBS"
    },
    "productNameCode": "FN15",
    "settlementDate": "2018-05-17"
  },
  {
    "buySellIndicator": "Buy",
    "effectiveDate": "2017-09-14",
    "marketTermType": 180,
    "passThroughRate": 2.5,
    "productId": {
      "identifier": 1,
      "sourceType": "PU",
      "type": "MBS"
    },
    "productNameCode": "FN15",
    "settlementDate": "2018-06-18"
  },
  {
    "buySellIndicator": "Buy",
    "effectiveDate": "2017-09-14",
    "marketTermType": 180,
    "passThroughRate": 2.5,
    "productId": {
      "identifier": 1,
      "sourceType": "PU",
      "type": "MBS"
    },
    "productNameCode": "FN15",
    "settlementDate": "2018-07-17"
  },
  {
    "buySellIndicator": "Buy",
    "effectiveDate": "2017-09-14",
    "marketTermType": 180,
    "passThroughRate": 2.5,
    "productId": {
      "identifier": 1,
      "sourceType": "PU",
      "type": "MBS"
    },
    "productNameCode": "FN15",
    "settlementDate": "2018-08-16"
  },
  {
    "buySellIndicator": "Buy",
    "effectiveDate": "2017-09-14",
    "marketTermType": 180,
    "passThroughRate": 2.5,
    "productId": {
      "identifier": 1,
      "sourceType": "PU",
      "type": "MBS"
    },
    "productNameCode": "FN15",
    "settlementDate": "2018-09-18"
  },
  {
    "buySellIndicator": "Buy",
    "effectiveDate": "2017-09-14",
    "marketTermType": 180,
    "passThroughRate": 2.5,
    "productId": {
      "identifier": 1,
      "sourceType": "PU",
      "type": "MBS"
    },
    "productNameCode": "FN15",
    "settlementDate": "2018-10-16"
  },
  {
    "buySellIndicator": "Buy",
    "effectiveDate": "2017-09-14",
    "marketTermType": 180,
    "passThroughRate": 2.5,
    "productId": {
      "identifier": 1,
      "sourceType": "PU",
      "type": "MBS"
    },
    "productNameCode": "FN15",
    "settlementDate": "2018-11-15"
  },
  {
    "buySellIndicator": "Buy",
    "effectiveDate": "2017-09-14",
    "marketTermType": 180,
    "passThroughRate": 3,
    "productId": {
      "identifier": 1,
      "sourceType": "PU",
      "type": "MBS"
    },
    "productNameCode": "FN15",
    "settlementDate": "2018-05-17"
  },
  {
    "buySellIndicator": "Buy",
    "effectiveDate": "2017-09-14",
    "marketTermType": 180,
    "passThroughRate": 3,
    "productId": {
      "identifier": 1,
      "sourceType": "PU",
      "type": "MBS"
    },
    "productNameCode": "FN15",
    "settlementDate": "2018-06-18"
  },
  {
    "buySellIndicator": "Buy",
    "effectiveDate": "2017-09-14",
    "marketTermType": 180,
    "passThroughRate": 3,
    "productId": {
      "identifier": 1,
      "sourceType": "PU",
      "type": "MBS"
    },
    "productNameCode": "FN15",
    "settlementDate": "2018-07-17"
  },
  {
    "buySellIndicator": "Buy",
    "effectiveDate": "2017-09-14",
    "marketTermType": 180,
    "passThroughRate": 3,
    "productId": {
      "identifier": 1,
      "sourceType": "PU",
      "type": "MBS"
    },
    "productNameCode": "FN15",
    "settlementDate": "2018-08-16"
  },
  {
    "buySellIndicator": "Buy",
    "effectiveDate": "2017-09-14",
    "marketTermType": 180,
    "passThroughRate": 3,
    "productId": {
      "identifier": 1,
      "sourceType": "PU",
      "type": "MBS"
    },
    "productNameCode": "FN15",
    "settlementDate": "2018-09-18"
  },
  {
    "buySellIndicator": "Buy",
    "effectiveDate": "2017-09-14",
    "marketTermType": 180,
    "passThroughRate": 3,
    "productId": {
      "identifier": 1,
      "sourceType": "PU",
      "type": "MBS"
    },
    "productNameCode": "FN15",
    "settlementDate": "2018-10-16"
  },
  {
    "buySellIndicator": "Buy",
    "effectiveDate": "2017-09-14",
    "marketTermType": 180,
    "passThroughRate": 3,
    "productId": {
      "identifier": 1,
      "sourceType": "PU",
      "type": "MBS"
    },
    "productNameCode": "FN15",
    "settlementDate": "2018-11-15"
  },
  {
    "buySellIndicator": "Buy",
    "effectiveDate": "2017-09-14",
    "marketTermType": 180,
    "passThroughRate": 3.5,
    "productId": {
      "identifier": 1,
      "sourceType": "PU",
      "type": "MBS"
    },
    "productNameCode": "FN15",
    "settlementDate": "2018-05-17"
  },
  {
    "buySellIndicator": "Buy",
    "effectiveDate": "2017-09-14",
    "marketTermType": 180,
    "passThroughRate": 3.5,
    "productId": {
      "identifier": 1,
      "sourceType": "PU",
      "type": "MBS"
    },
    "productNameCode": "FN15",
    "settlementDate": "2018-06-18"
  },
  {
    "buySellIndicator": "Buy",
    "effectiveDate": "2017-09-14",
    "marketTermType": 180,
    "passThroughRate": 3.5,
    "productId": {
      "identifier": 1,
      "sourceType": "PU",
      "type": "MBS"
    },
    "productNameCode": "FN15",
    "settlementDate": "2018-07-17"
  },
  {
    "buySellIndicator": "Buy",
    "effectiveDate": "2017-09-14",
    "marketTermType": 180,
    "passThroughRate": 3.5,
    "productId": {
      "identifier": 1,
      "sourceType": "PU",
      "type": "MBS"
    },
    "productNameCode": "FN15",
    "settlementDate": "2018-08-16"
  },
  {
    "buySellIndicator": "Buy",
    "effectiveDate": "2017-09-14",
    "marketTermType": 180,
    "passThroughRate": 3.5,
    "productId": {
      "identifier": 1,
      "sourceType": "PU",
      "type": "MBS"
    },
    "productNameCode": "FN15",
    "settlementDate": "2018-09-18"
  },
  {
    "buySellIndicator": "Buy",
    "effectiveDate": "2017-09-14",
    "marketTermType": 180,
    "passThroughRate": 3.5,
    "productId": {
      "identifier": 1,
      "sourceType": "PU",
      "type": "MBS"
    },
    "productNameCode": "FN15",
    "settlementDate": "2018-10-16"
  },
  {
    "buySellIndicator": "Buy",
    "effectiveDate": "2017-09-14",
    "marketTermType": 180,
    "passThroughRate": 3.5,
    "productId": {
      "identifier": 1,
      "sourceType": "PU",
      "type": "MBS"
    },
    "productNameCode": "FN15",
    "settlementDate": "2018-11-15"
  },
  {
    "buySellIndicator": "Buy",
    "effectiveDate": "2017-09-14",
    "marketTermType": 180,
    "passThroughRate": 4,
    "productId": {
      "identifier": 1,
      "sourceType": "PU",
      "type": "MBS"
    },
    "productNameCode": "FN15",
    "settlementDate": "2018-05-17"
  },
  {
    "buySellIndicator": "Buy",
    "effectiveDate": "2017-09-14",
    "marketTermType": 180,
    "passThroughRate": 4,
    "productId": {
      "identifier": 1,
      "sourceType": "PU",
      "type": "MBS"
    },
    "productNameCode": "FN15",
    "settlementDate": "2018-06-18"
  },
  {
    "buySellIndicator": "Buy",
    "effectiveDate": "2017-09-14",
    "marketTermType": 180,
    "passThroughRate": 4,
    "productId": {
      "identifier": 1,
      "sourceType": "PU",
      "type": "MBS"
    },
    "productNameCode": "FN15",
    "settlementDate": "2018-07-17"
  },
  {
    "buySellIndicator": "Buy",
    "effectiveDate": "2017-09-14",
    "marketTermType": 180,
    "passThroughRate": 4,
    "productId": {
      "identifier": 1,
      "sourceType": "PU",
      "type": "MBS"
    },
    "productNameCode": "FN15",
    "settlementDate": "2018-08-16"
  },
  {
    "buySellIndicator": "Buy",
    "effectiveDate": "2017-09-14",
    "marketTermType": 180,
    "passThroughRate": 4,
    "productId": {
      "identifier": 1,
      "sourceType": "PU",
      "type": "MBS"
    },
    "productNameCode": "FN15",
    "settlementDate": "2018-09-18"
  },
  {
    "buySellIndicator": "Buy",
    "effectiveDate": "2017-09-14",
    "marketTermType": 180,
    "passThroughRate": 4,
    "productId": {
      "identifier": 1,
      "sourceType": "PU",
      "type": "MBS"
    },
    "productNameCode": "FN15",
    "settlementDate": "2018-10-16"
  },
  {
    "buySellIndicator": "Buy",
    "effectiveDate": "2017-09-14",
    "marketTermType": 180,
    "passThroughRate": 4,
    "productId": {
      "identifier": 1,
      "sourceType": "PU",
      "type": "MBS"
    },
    "productNameCode": "FN15",
    "settlementDate": "2018-11-15"
  },
  {
    "buySellIndicator": "Buy",
    "effectiveDate": "2017-09-14",
    "marketTermType": 360,
    "passThroughRate": 2.5,
    "productId": {
      "identifier": 2,
      "sourceType": "PU",
      "type": "MBS"
    },
    "productNameCode": "PC30",
    "settlementDate": "2018-05-14"
  },
  {
    "buySellIndicator": "Buy",
    "effectiveDate": "2017-09-14",
    "marketTermType": 360,
    "passThroughRate": 2.5,
    "productId": {
      "identifier": 2,
      "sourceType": "PU",
      "type": "MBS"
    },
    "productNameCode": "PC30",
    "settlementDate": "2018-06-13"
  },
  {
    "buySellIndicator": "Buy",
    "effectiveDate": "2017-09-14",
    "marketTermType": 360,
    "passThroughRate": 2.5,
    "productId": {
      "identifier": 2,
      "sourceType": "PU",
      "type": "MBS"
    },
    "productNameCode": "PC30",
    "settlementDate": "2018-07-12"
  },
  {
    "buySellIndicator": "Buy",
    "effectiveDate": "2017-09-14",
    "marketTermType": 360,
    "passThroughRate": 2.5,
    "productId": {
      "identifier": 2,
      "sourceType": "PU",
      "type": "MBS"
    },
    "productNameCode": "PC30",
    "settlementDate": "2018-08-13"
  },
  {
    "buySellIndicator": "Buy",
    "effectiveDate": "2017-09-14",
    "marketTermType": 360,
    "passThroughRate": 2.5,
    "productId": {
      "identifier": 2,
      "sourceType": "PU",
      "type": "MBS"
    },
    "productNameCode": "PC30",
    "settlementDate": "2018-09-13"
  },
  {
    "buySellIndicator": "Buy",
    "effectiveDate": "2017-09-14",
    "marketTermType": 360,
    "passThroughRate": 2.5,
    "productId": {
      "identifier": 2,
      "sourceType": "PU",
      "type": "MBS"
    },
    "productNameCode": "PC30",
    "settlementDate": "2018-10-11"
  },
  {
    "buySellIndicator": "Buy",
    "effectiveDate": "2017-09-14",
    "marketTermType": 360,
    "passThroughRate": 2.5,
    "productId": {
      "identifier": 2,
      "sourceType": "PU",
      "type": "MBS"
    },
    "productNameCode": "PC30",
    "settlementDate": "2018-11-13"
  },
  {
    "buySellIndicator": "Buy",
    "effectiveDate": "2017-09-14",
    "marketTermType": 360,
    "passThroughRate": 3,
    "productId": {
      "identifier": 2,
      "sourceType": "PU",
      "type": "MBS"
    },
    "productNameCode": "PC30",
    "settlementDate": "2018-05-14"
  },
  {
    "buySellIndicator": "Buy",
    "effectiveDate": "2017-09-14",
    "marketTermType": 360,
    "passThroughRate": 3,
    "productId": {
      "identifier": 2,
      "sourceType": "PU",
      "type": "MBS"
    },
    "productNameCode": "PC30",
    "settlementDate": "2018-06-13"
  },
  {
    "buySellIndicator": "Buy",
    "effectiveDate": "2017-09-14",
    "marketTermType": 360,
    "passThroughRate": 3,
    "productId": {
      "identifier": 2,
      "sourceType": "PU",
      "type": "MBS"
    },
    "productNameCode": "PC30",
    "settlementDate": "2018-07-12"
  },
  {
    "buySellIndicator": "Buy",
    "effectiveDate": "2017-09-14",
    "marketTermType": 360,
    "passThroughRate": 3,
    "productId": {
      "identifier": 2,
      "sourceType": "PU",
      "type": "MBS"
    },
    "productNameCode": "PC30",
    "settlementDate": "2018-08-13"
  },
  {
    "buySellIndicator": "Buy",
    "effectiveDate": "2017-09-14",
    "marketTermType": 360,
    "passThroughRate": 3,
    "productId": {
      "identifier": 2,
      "sourceType": "PU",
      "type": "MBS"
    },
    "productNameCode": "PC30",
    "settlementDate": "2018-09-13"
  },
  {
    "buySellIndicator": "Buy",
    "effectiveDate": "2017-09-14",
    "marketTermType": 360,
    "passThroughRate": 3,
    "productId": {
      "identifier": 2,
      "sourceType": "PU",
      "type": "MBS"
    },
    "productNameCode": "PC30",
    "settlementDate": "2018-10-11"
  },
  {
    "buySellIndicator": "Buy",
    "effectiveDate": "2017-09-14",
    "marketTermType": 360,
    "passThroughRate": 3,
    "productId": {
      "identifier": 2,
      "sourceType": "PU",
      "type": "MBS"
    },
    "productNameCode": "PC30",
    "settlementDate": "2018-11-13"
  },
  {
    "buySellIndicator": "Buy",
    "effectiveDate": "2017-09-14",
    "marketTermType": 360,
    "passThroughRate": 3.5,
    "productId": {
      "identifier": 2,
      "sourceType": "PU",
      "type": "MBS"
    },
    "productNameCode": "PC30",
    "settlementDate": "2018-05-14"
  },
  {
    "buySellIndicator": "Buy",
    "effectiveDate": "2017-09-14",
    "marketTermType": 360,
    "passThroughRate": 3.5,
    "productId": {
      "identifier": 2,
      "sourceType": "PU",
      "type": "MBS"
    },
    "productNameCode": "PC30",
    "settlementDate": "2018-06-13"
  },
  {
    "buySellIndicator": "Buy",
    "effectiveDate": "2017-09-14",
    "marketTermType": 360,
    "passThroughRate": 3.5,
    "productId": {
      "identifier": 2,
      "sourceType": "PU",
      "type": "MBS"
    },
    "productNameCode": "PC30",
    "settlementDate": "2018-07-12"
  },
  {
    "buySellIndicator": "Buy",
    "effectiveDate": "2017-09-14",
    "marketTermType": 360,
    "passThroughRate": 3.5,
    "productId": {
      "identifier": 2,
      "sourceType": "PU",
      "type": "MBS"
    },
    "productNameCode": "PC30",
    "settlementDate": "2018-08-13"
  },
  {
    "buySellIndicator": "Buy",
    "effectiveDate": "2017-09-14",
    "marketTermType": 360,
    "passThroughRate": 3.5,
    "productId": {
      "identifier": 2,
      "sourceType": "PU",
      "type": "MBS"
    },
    "productNameCode": "PC30",
    "settlementDate": "2018-09-13"
  },
  {
    "buySellIndicator": "Buy",
    "effectiveDate": "2017-09-14",
    "marketTermType": 360,
    "passThroughRate": 3.5,
    "productId": {
      "identifier": 2,
      "sourceType": "PU",
      "type": "MBS"
    },
    "productNameCode": "PC30",
    "settlementDate": "2018-10-11"
  },
  {
    "buySellIndicator": "Buy",
    "effectiveDate": "2017-09-14",
    "marketTermType": 360,
    "passThroughRate": 3.5,
    "productId": {
      "identifier": 2,
      "sourceType": "PU",
      "type": "MBS"
    },
    "productNameCode": "PC30",
    "settlementDate": "2018-11-13"
  },
  {
    "buySellIndicator": "Buy",
    "effectiveDate": "2017-09-14",
    "marketTermType": 360,
    "passThroughRate": 4,
    "productId": {
      "identifier": 2,
      "sourceType": "PU",
      "type": "MBS"
    },
    "productNameCode": "PC30",
    "settlementDate": "2018-05-14"
  },
  {
    "buySellIndicator": "Buy",
    "effectiveDate": "2017-09-14",
    "marketTermType": 360,
    "passThroughRate": 4,
    "productId": {
      "identifier": 2,
      "sourceType": "PU",
      "type": "MBS"
    },
    "productNameCode": "PC30",
    "settlementDate": "2018-06-13"
  },
  {
    "buySellIndicator": "Buy",
    "effectiveDate": "2017-09-14",
    "marketTermType": 360,
    "passThroughRate": 4,
    "productId": {
      "identifier": 2,
      "sourceType": "PU",
      "type": "MBS"
    },
    "productNameCode": "PC30",
    "settlementDate": "2018-07-12"
  },
  {
    "buySellIndicator": "Buy",
    "effectiveDate": "2017-09-14",
    "marketTermType": 360,
    "passThroughRate": 4,
    "productId": {
      "identifier": 2,
      "sourceType": "PU",
      "type": "MBS"
    },
    "productNameCode": "PC30",
    "settlementDate": "2018-08-13"
  },
  {
    "buySellIndicator": "Buy",
    "effectiveDate": "2017-09-14",
    "marketTermType": 360,
    "passThroughRate": 4,
    "productId": {
      "identifier": 2,
      "sourceType": "PU",
      "type": "MBS"
    },
    "productNameCode": "PC30",
    "settlementDate": "2018-09-13"
  },
  {
    "buySellIndicator": "Buy",
    "effectiveDate": "2017-09-14",
    "marketTermType": 360,
    "passThroughRate": 4,
    "productId": {
      "identifier": 2,
      "sourceType": "PU",
      "type": "MBS"
    },
    "productNameCode": "PC30",
    "settlementDate": "2018-10-11"
  },
  {
    "buySellIndicator": "Buy",
    "effectiveDate": "2017-09-14",
    "marketTermType": 360,
    "passThroughRate": 4,
    "productId": {
      "identifier": 2,
      "sourceType": "PU",
      "type": "MBS"
    },
    "productNameCode": "PC30",
    "settlementDate": "2018-11-13"
  },
  {
    "buySellIndicator": "Buy",
    "effectiveDate": "2017-09-14",
    "marketTermType": 360,
    "passThroughRate": 4.5,
    "productId": {
      "identifier": 2,
      "sourceType": "PU",
      "type": "MBS"
    },
    "productNameCode": "PC30",
    "settlementDate": "2018-05-14"
  },
  {
    "buySellIndicator": "Buy",
    "effectiveDate": "2017-09-14",
    "marketTermType": 360,
    "passThroughRate": 4.5,
    "productId": {
      "identifier": 2,
      "sourceType": "PU",
      "type": "MBS"
    },
    "productNameCode": "PC30",
    "settlementDate": "2018-06-13"
  },
  {
    "buySellIndicator": "Buy",
    "effectiveDate": "2017-09-14",
    "marketTermType": 360,
    "passThroughRate": 4.5,
    "productId": {
      "identifier": 2,
      "sourceType": "PU",
      "type": "MBS"
    },
    "productNameCode": "PC30",
    "settlementDate": "2018-07-12"
  },
  {
    "buySellIndicator": "Buy",
    "effectiveDate": "2017-09-14",
    "marketTermType": 360,
    "passThroughRate": 4.5,
    "productId": {
      "identifier": 2,
      "sourceType": "PU",
      "type": "MBS"
    },
    "productNameCode": "PC30",
    "settlementDate": "2018-08-13"
  },
  {
    "buySellIndicator": "Buy",
    "effectiveDate": "2017-09-14",
    "marketTermType": 360,
    "passThroughRate": 4.5,
    "productId": {
      "identifier": 2,
      "sourceType": "PU",
      "type": "MBS"
    },
    "productNameCode": "PC30",
    "settlementDate": "2018-09-13"
  },
  {
    "buySellIndicator": "Buy",
    "effectiveDate": "2017-09-14",
    "marketTermType": 360,
    "passThroughRate": 4.5,
    "productId": {
      "identifier": 2,
      "sourceType": "PU",
      "type": "MBS"
    },
    "productNameCode": "PC30",
    "settlementDate": "2018-10-11"
  },
  {
    "buySellIndicator": "Buy",
    "effectiveDate": "2017-09-14",
    "marketTermType": 360,
    "passThroughRate": 4.5,
    "productId": {
      "identifier": 2,
      "sourceType": "PU",
      "type": "MBS"
    },
    "productNameCode": "PC30",
    "settlementDate": "2018-11-13"
  },
  {
    "buySellIndicator": "Buy",
    "effectiveDate": "2017-09-14",
    "marketTermType": 360,
    "passThroughRate": 5,
    "productId": {
      "identifier": 2,
      "sourceType": "PU",
      "type": "MBS"
    },
    "productNameCode": "PC30",
    "settlementDate": "2018-05-14"
  },
  {
    "buySellIndicator": "Buy",
    "effectiveDate": "2017-09-14",
    "marketTermType": 360,
    "passThroughRate": 5,
    "productId": {
      "identifier": 2,
      "sourceType": "PU",
      "type": "MBS"
    },
    "productNameCode": "PC30",
    "settlementDate": "2018-06-13"
  },
  {
    "buySellIndicator": "Buy",
    "effectiveDate": "2017-09-14",
    "marketTermType": 360,
    "passThroughRate": 5,
    "productId": {
      "identifier": 2,
      "sourceType": "PU",
      "type": "MBS"
    },
    "productNameCode": "PC30",
    "settlementDate": "2018-07-12"
  },
  {
    "buySellIndicator": "Buy",
    "effectiveDate": "2017-09-14",
    "marketTermType": 360,
    "passThroughRate": 5,
    "productId": {
      "identifier": 2,
      "sourceType": "PU",
      "type": "MBS"
    },
    "productNameCode": "PC30",
    "settlementDate": "2018-08-13"
  },
  {
    "buySellIndicator": "Buy",
    "effectiveDate": "2017-09-14",
    "marketTermType": 360,
    "passThroughRate": 5,
    "productId": {
      "identifier": 2,
      "sourceType": "PU",
      "type": "MBS"
    },
    "productNameCode": "PC30",
    "settlementDate": "2018-09-13"
  },
  {
    "buySellIndicator": "Buy",
    "effectiveDate": "2017-09-14",
    "marketTermType": 360,
    "passThroughRate": 5,
    "productId": {
      "identifier": 2,
      "sourceType": "PU",
      "type": "MBS"
    },
    "productNameCode": "PC30",
    "settlementDate": "2018-10-11"
  },
  {
    "buySellIndicator": "Buy",
    "effectiveDate": "2017-09-14",
    "marketTermType": 360,
    "passThroughRate": 5,
    "productId": {
      "identifier": 2,
      "sourceType": "PU",
      "type": "MBS"
    },
    "productNameCode": "PC30",
    "settlementDate": "2018-11-13"
  },
  {
    "buySellIndicator": "Buy",
    "effectiveDate": "2017-09-14",
    "marketTermType": 180,
    "passThroughRate": 2,
    "productId": {
      "identifier": 3,
      "sourceType": "PU",
      "type": "MBS"
    },
    "productNameCode": "PC15",
    "settlementDate": "2018-05-17"
  },
  {
    "buySellIndicator": "Buy",
    "effectiveDate": "2017-09-14",
    "marketTermType": 180,
    "passThroughRate": 2,
    "productId": {
      "identifier": 3,
      "sourceType": "PU",
      "type": "MBS"
    },
    "productNameCode": "PC15",
    "settlementDate": "2018-06-18"
  },
  {
    "buySellIndicator": "Buy",
    "effectiveDate": "2017-09-14",
    "marketTermType": 180,
    "passThroughRate": 2,
    "productId": {
      "identifier": 3,
      "sourceType": "PU",
      "type": "MBS"
    },
    "productNameCode": "PC15",
    "settlementDate": "2018-07-17"
  },
  {
    "buySellIndicator": "Buy",
    "effectiveDate": "2017-09-14",
    "marketTermType": 180,
    "passThroughRate": 2,
    "productId": {
      "identifier": 3,
      "sourceType": "PU",
      "type": "MBS"
    },
    "productNameCode": "PC15",
    "settlementDate": "2018-08-16"
  },
  {
    "buySellIndicator": "Buy",
    "effectiveDate": "2017-09-14",
    "marketTermType": 180,
    "passThroughRate": 2,
    "productId": {
      "identifier": 3,
      "sourceType": "PU",
      "type": "MBS"
    },
    "productNameCode": "PC15",
    "settlementDate": "2018-09-18"
  },
  {
    "buySellIndicator": "Buy",
    "effectiveDate": "2017-09-14",
    "marketTermType": 180,
    "passThroughRate": 2,
    "productId": {
      "identifier": 3,
      "sourceType": "PU",
      "type": "MBS"
    },
    "productNameCode": "PC15",
    "settlementDate": "2018-10-16"
  },
  {
    "buySellIndicator": "Buy",
    "effectiveDate": "2017-09-14",
    "marketTermType": 180,
    "passThroughRate": 2,
    "productId": {
      "identifier": 3,
      "sourceType": "PU",
      "type": "MBS"
    },
    "productNameCode": "PC15",
    "settlementDate": "2018-11-15"
  },
  {
    "buySellIndicator": "Buy",
    "effectiveDate": "2017-09-14",
    "marketTermType": 180,
    "passThroughRate": 2.5,
    "productId": {
      "identifier": 3,
      "sourceType": "PU",
      "type": "MBS"
    },
    "productNameCode": "PC15",
    "settlementDate": "2018-05-17"
  },
  {
    "buySellIndicator": "Buy",
    "effectiveDate": "2017-09-14",
    "marketTermType": 180,
    "passThroughRate": 2.5,
    "productId": {
      "identifier": 3,
      "sourceType": "PU",
      "type": "MBS"
    },
    "productNameCode": "PC15",
    "settlementDate": "2018-06-18"
  },
  {
    "buySellIndicator": "Buy",
    "effectiveDate": "2017-09-14",
    "marketTermType": 180,
    "passThroughRate": 2.5,
    "productId": {
      "identifier": 3,
      "sourceType": "PU",
      "type": "MBS"
    },
    "productNameCode": "PC15",
    "settlementDate": "2018-07-17"
  },
  {
    "buySellIndicator": "Buy",
    "effectiveDate": "2017-09-14",
    "marketTermType": 180,
    "passThroughRate": 2.5,
    "productId": {
      "identifier": 3,
      "sourceType": "PU",
      "type": "MBS"
    },
    "productNameCode": "PC15",
    "settlementDate": "2018-08-16"
  },
  {
    "buySellIndicator": "Buy",
    "effectiveDate": "2017-09-14",
    "marketTermType": 180,
    "passThroughRate": 2.5,
    "productId": {
      "identifier": 3,
      "sourceType": "PU",
      "type": "MBS"
    },
    "productNameCode": "PC15",
    "settlementDate": "2018-09-18"
  },
  {
    "buySellIndicator": "Buy",
    "effectiveDate": "2017-09-14",
    "marketTermType": 180,
    "passThroughRate": 2.5,
    "productId": {
      "identifier": 3,
      "sourceType": "PU",
      "type": "MBS"
    },
    "productNameCode": "PC15",
    "settlementDate": "2018-10-16"
  },
  {
    "buySellIndicator": "Buy",
    "effectiveDate": "2017-09-14",
    "marketTermType": 180,
    "passThroughRate": 2.5,
    "productId": {
      "identifier": 3,
      "sourceType": "PU",
      "type": "MBS"
    },
    "productNameCode": "PC15",
    "settlementDate": "2018-11-15"
  },
  {
    "buySellIndicator": "Buy",
    "effectiveDate": "2017-09-14",
    "marketTermType": 180,
    "passThroughRate": 3,
    "productId": {
      "identifier": 3,
      "sourceType": "PU",
      "type": "MBS"
    },
    "productNameCode": "PC15",
    "settlementDate": "2018-05-17"
  },
  {
    "buySellIndicator": "Buy",
    "effectiveDate": "2017-09-14",
    "marketTermType": 180,
    "passThroughRate": 3,
    "productId": {
      "identifier": 3,
      "sourceType": "PU",
      "type": "MBS"
    },
    "productNameCode": "PC15",
    "settlementDate": "2018-06-18"
  },
  {
    "buySellIndicator": "Buy",
    "effectiveDate": "2017-09-14",
    "marketTermType": 180,
    "passThroughRate": 3,
    "productId": {
      "identifier": 3,
      "sourceType": "PU",
      "type": "MBS"
    },
    "productNameCode": "PC15",
    "settlementDate": "2018-07-17"
  },
  {
    "buySellIndicator": "Buy",
    "effectiveDate": "2017-09-14",
    "marketTermType": 180,
    "passThroughRate": 3,
    "productId": {
      "identifier": 3,
      "sourceType": "PU",
      "type": "MBS"
    },
    "productNameCode": "PC15",
    "settlementDate": "2018-08-16"
  },
  {
    "buySellIndicator": "Buy",
    "effectiveDate": "2017-09-14",
    "marketTermType": 180,
    "passThroughRate": 3,
    "productId": {
      "identifier": 3,
      "sourceType": "PU",
      "type": "MBS"
    },
    "productNameCode": "PC15",
    "settlementDate": "2018-09-18"
  },
  {
    "buySellIndicator": "Buy",
    "effectiveDate": "2017-09-14",
    "marketTermType": 180,
    "passThroughRate": 3,
    "productId": {
      "identifier": 3,
      "sourceType": "PU",
      "type": "MBS"
    },
    "productNameCode": "PC15",
    "settlementDate": "2018-10-16"
  },
  {
    "buySellIndicator": "Buy",
    "effectiveDate": "2017-09-14",
    "marketTermType": 180,
    "passThroughRate": 3,
    "productId": {
      "identifier": 3,
      "sourceType": "PU",
      "type": "MBS"
    },
    "productNameCode": "PC15",
    "settlementDate": "2018-11-15"
  },
  {
    "buySellIndicator": "Buy",
    "effectiveDate": "2017-09-14",
    "marketTermType": 180,
    "passThroughRate": 3.5,
    "productId": {
      "identifier": 3,
      "sourceType": "PU",
      "type": "MBS"
    },
    "productNameCode": "PC15",
    "settlementDate": "2018-05-17"
  },
  {
    "buySellIndicator": "Buy",
    "effectiveDate": "2017-09-14",
    "marketTermType": 180,
    "passThroughRate": 3.5,
    "productId": {
      "identifier": 3,
      "sourceType": "PU",
      "type": "MBS"
    },
    "productNameCode": "PC15",
    "settlementDate": "2018-06-18"
  },
  {
    "buySellIndicator": "Buy",
    "effectiveDate": "2017-09-14",
    "marketTermType": 180,
    "passThroughRate": 3.5,
    "productId": {
      "identifier": 3,
      "sourceType": "PU",
      "type": "MBS"
    },
    "productNameCode": "PC15",
    "settlementDate": "2018-07-17"
  },
  {
    "buySellIndicator": "Buy",
    "effectiveDate": "2017-09-14",
    "marketTermType": 180,
    "passThroughRate": 3.5,
    "productId": {
      "identifier": 3,
      "sourceType": "PU",
      "type": "MBS"
    },
    "productNameCode": "PC15",
    "settlementDate": "2018-08-16"
  },
  {
    "buySellIndicator": "Buy",
    "effectiveDate": "2017-09-14",
    "marketTermType": 180,
    "passThroughRate": 3.5,
    "productId": {
      "identifier": 3,
      "sourceType": "PU",
      "type": "MBS"
    },
    "productNameCode": "PC15",
    "settlementDate": "2018-09-18"
  },
  {
    "buySellIndicator": "Buy",
    "effectiveDate": "2017-09-14",
    "marketTermType": 180,
    "passThroughRate": 3.5,
    "productId": {
      "identifier": 3,
      "sourceType": "PU",
      "type": "MBS"
    },
    "productNameCode": "PC15",
    "settlementDate": "2018-10-16"
  },
  {
    "buySellIndicator": "Buy",
    "effectiveDate": "2017-09-14",
    "marketTermType": 180,
    "passThroughRate": 3.5,
    "productId": {
      "identifier": 3,
      "sourceType": "PU",
      "type": "MBS"
    },
    "productNameCode": "PC15",
    "settlementDate": "2018-11-15"
  },
  {
    "buySellIndicator": "Buy",
    "effectiveDate": "2017-09-14",
    "marketTermType": 180,
    "passThroughRate": 4,
    "productId": {
      "identifier": 3,
      "sourceType": "PU",
      "type": "MBS"
    },
    "productNameCode": "PC15",
    "settlementDate": "2018-05-17"
  },
  {
    "buySellIndicator": "Buy",
    "effectiveDate": "2017-09-14",
    "marketTermType": 180,
    "passThroughRate": 4,
    "productId": {
      "identifier": 3,
      "sourceType": "PU",
      "type": "MBS"
    },
    "productNameCode": "PC15",
    "settlementDate": "2018-06-18"
  },
  {
    "buySellIndicator": "Buy",
    "effectiveDate": "2017-09-14",
    "marketTermType": 180,
    "passThroughRate": 4,
    "productId": {
      "identifier": 3,
      "sourceType": "PU",
      "type": "MBS"
    },
    "productNameCode": "PC15",
    "settlementDate": "2018-07-17"
  },
  {
    "buySellIndicator": "Buy",
    "effectiveDate": "2017-09-14",
    "marketTermType": 180,
    "passThroughRate": 4,
    "productId": {
      "identifier": 3,
      "sourceType": "PU",
      "type": "MBS"
    },
    "productNameCode": "PC15",
    "settlementDate": "2018-08-16"
  },
  {
    "buySellIndicator": "Buy",
    "effectiveDate": "2017-09-14",
    "marketTermType": 180,
    "passThroughRate": 4,
    "productId": {
      "identifier": 3,
      "sourceType": "PU",
      "type": "MBS"
    },
    "productNameCode": "PC15",
    "settlementDate": "2018-09-18"
  },
  {
    "buySellIndicator": "Buy",
    "effectiveDate": "2017-09-14",
    "marketTermType": 180,
    "passThroughRate": 4,
    "productId": {
      "identifier": 3,
      "sourceType": "PU",
      "type": "MBS"
    },
    "productNameCode": "PC15",
    "settlementDate": "2018-10-16"
  },
  {
    "buySellIndicator": "Buy",
    "effectiveDate": "2017-09-14",
    "marketTermType": 180,
    "passThroughRate": 4,
    "productId": {
      "identifier": 3,
      "sourceType": "PU",
      "type": "MBS"
    },
    "productNameCode": "PC15",
    "settlementDate": "2018-11-15"
  },
  {
    "buySellIndicator": "Buy",
    "effectiveDate": "2017-09-14",
    "marketTermType": 360,
    "passThroughRate": 2.5,
    "productId": {
      "identifier": 4,
      "sourceType": "PU",
      "type": "MBS"
    },
    "productNameCode": "GN30",
    "settlementDate": "2018-05-21"
  },
  {
    "buySellIndicator": "Buy",
    "effectiveDate": "2017-09-14",
    "marketTermType": 360,
    "passThroughRate": 2.5,
    "productId": {
      "identifier": 4,
      "sourceType": "PU",
      "type": "MBS"
    },
    "productNameCode": "GN30",
    "settlementDate": "2018-06-20"
  },
  {
    "buySellIndicator": "Buy",
    "effectiveDate": "2017-09-14",
    "marketTermType": 360,
    "passThroughRate": 2.5,
    "productId": {
      "identifier": 4,
      "sourceType": "PU",
      "type": "MBS"
    },
    "productNameCode": "GN30",
    "settlementDate": "2018-07-19"
  },
  {
    "buySellIndicator": "Buy",
    "effectiveDate": "2017-09-14",
    "marketTermType": 360,
    "passThroughRate": 2.5,
    "productId": {
      "identifier": 4,
      "sourceType": "PU",
      "type": "MBS"
    },
    "productNameCode": "GN30",
    "settlementDate": "2018-08-21"
  },
  {
    "buySellIndicator": "Buy",
    "effectiveDate": "2017-09-14",
    "marketTermType": 360,
    "passThroughRate": 2.5,
    "productId": {
      "identifier": 4,
      "sourceType": "PU",
      "type": "MBS"
    },
    "productNameCode": "GN30",
    "settlementDate": "2018-09-20"
  },
  {
    "buySellIndicator": "Buy",
    "effectiveDate": "2017-09-14",
    "marketTermType": 360,
    "passThroughRate": 2.5,
    "productId": {
      "identifier": 4,
      "sourceType": "PU",
      "type": "MBS"
    },
    "productNameCode": "GN30",
    "settlementDate": "2018-10-18"
  },
  {
    "buySellIndicator": "Buy",
    "effectiveDate": "2017-09-14",
    "marketTermType": 360,
    "passThroughRate": 2.5,
    "productId": {
      "identifier": 4,
      "sourceType": "PU",
      "type": "MBS"
    },
    "productNameCode": "GN30",
    "settlementDate": "2018-11-19"
  },
  {
    "buySellIndicator": "Buy",
    "effectiveDate": "2017-09-14",
    "marketTermType": 360,
    "passThroughRate": 3,
    "productId": {
      "identifier": 4,
      "sourceType": "PU",
      "type": "MBS"
    },
    "productNameCode": "GN30",
    "settlementDate": "2018-05-21"
  },
  {
    "buySellIndicator": "Buy",
    "effectiveDate": "2017-09-14",
    "marketTermType": 360,
    "passThroughRate": 3,
    "productId": {
      "identifier": 4,
      "sourceType": "PU",
      "type": "MBS"
    },
    "productNameCode": "GN30",
    "settlementDate": "2018-06-20"
  },
  {
    "buySellIndicator": "Buy",
    "effectiveDate": "2017-09-14",
    "marketTermType": 360,
    "passThroughRate": 3,
    "productId": {
      "identifier": 4,
      "sourceType": "PU",
      "type": "MBS"
    },
    "productNameCode": "GN30",
    "settlementDate": "2018-07-19"
  },
  {
    "buySellIndicator": "Buy",
    "effectiveDate": "2017-09-14",
    "marketTermType": 360,
    "passThroughRate": 3,
    "productId": {
      "identifier": 4,
      "sourceType": "PU",
      "type": "MBS"
    },
    "productNameCode": "GN30",
    "settlementDate": "2018-08-21"
  },
  {
    "buySellIndicator": "Buy",
    "effectiveDate": "2017-09-14",
    "marketTermType": 360,
    "passThroughRate": 3,
    "productId": {
      "identifier": 4,
      "sourceType": "PU",
      "type": "MBS"
    },
    "productNameCode": "GN30",
    "settlementDate": "2018-09-20"
  },
  {
    "buySellIndicator": "Buy",
    "effectiveDate": "2017-09-14",
    "marketTermType": 360,
    "passThroughRate": 3,
    "productId": {
      "identifier": 4,
      "sourceType": "PU",
      "type": "MBS"
    },
    "productNameCode": "GN30",
    "settlementDate": "2018-10-18"
  },
  {
    "buySellIndicator": "Buy",
    "effectiveDate": "2017-09-14",
    "marketTermType": 360,
    "passThroughRate": 3,
    "productId": {
      "identifier": 4,
      "sourceType": "PU",
      "type": "MBS"
    },
    "productNameCode": "GN30",
    "settlementDate": "2018-11-19"
  },
  {
    "buySellIndicator": "Buy",
    "effectiveDate": "2017-09-14",
    "marketTermType": 360,
    "passThroughRate": 3.5,
    "productId": {
      "identifier": 4,
      "sourceType": "PU",
      "type": "MBS"
    },
    "productNameCode": "GN30",
    "settlementDate": "2018-05-21"
  },
  {
    "buySellIndicator": "Buy",
    "effectiveDate": "2017-09-14",
    "marketTermType": 360,
    "passThroughRate": 3.5,
    "productId": {
      "identifier": 4,
      "sourceType": "PU",
      "type": "MBS"
    },
    "productNameCode": "GN30",
    "settlementDate": "2018-06-20"
  },
  {
    "buySellIndicator": "Buy",
    "effectiveDate": "2017-09-14",
    "marketTermType": 360,
    "passThroughRate": 3.5,
    "productId": {
      "identifier": 4,
      "sourceType": "PU",
      "type": "MBS"
    },
    "productNameCode": "GN30",
    "settlementDate": "2018-07-19"
  },
  {
    "buySellIndicator": "Buy",
    "effectiveDate": "2017-09-14",
    "marketTermType": 360,
    "passThroughRate": 3.5,
    "productId": {
      "identifier": 4,
      "sourceType": "PU",
      "type": "MBS"
    },
    "productNameCode": "GN30",
    "settlementDate": "2018-08-21"
  },
  {
    "buySellIndicator": "Buy",
    "effectiveDate": "2017-09-14",
    "marketTermType": 360,
    "passThroughRate": 3.5,
    "productId": {
      "identifier": 4,
      "sourceType": "PU",
      "type": "MBS"
    },
    "productNameCode": "GN30",
    "settlementDate": "2018-09-20"
  },
  {
    "buySellIndicator": "Buy",
    "effectiveDate": "2017-09-14",
    "marketTermType": 360,
    "passThroughRate": 3.5,
    "productId": {
      "identifier": 4,
      "sourceType": "PU",
      "type": "MBS"
    },
    "productNameCode": "GN30",
    "settlementDate": "2018-10-18"
  },
  {
    "buySellIndicator": "Buy",
    "effectiveDate": "2017-09-14",
    "marketTermType": 360,
    "passThroughRate": 3.5,
    "productId": {
      "identifier": 4,
      "sourceType": "PU",
      "type": "MBS"
    },
    "productNameCode": "GN30",
    "settlementDate": "2018-11-19"
  },
  {
    "buySellIndicator": "Buy",
    "effectiveDate": "2017-09-14",
    "marketTermType": 360,
    "passThroughRate": 4,
    "productId": {
      "identifier": 4,
      "sourceType": "PU",
      "type": "MBS"
    },
    "productNameCode": "GN30",
    "settlementDate": "2018-05-21"
  },
  {
    "buySellIndicator": "Buy",
    "effectiveDate": "2017-09-14",
    "marketTermType": 360,
    "passThroughRate": 4,
    "productId": {
      "identifier": 4,
      "sourceType": "PU",
      "type": "MBS"
    },
    "productNameCode": "GN30",
    "settlementDate": "2018-06-20"
  },
  {
    "buySellIndicator": "Buy",
    "effectiveDate": "2017-09-14",
    "marketTermType": 360,
    "passThroughRate": 4,
    "productId": {
      "identifier": 4,
      "sourceType": "PU",
      "type": "MBS"
    },
    "productNameCode": "GN30",
    "settlementDate": "2018-07-19"
  },
  {
    "buySellIndicator": "Buy",
    "effectiveDate": "2017-09-14",
    "marketTermType": 360,
    "passThroughRate": 4,
    "productId": {
      "identifier": 4,
      "sourceType": "PU",
      "type": "MBS"
    },
    "productNameCode": "GN30",
    "settlementDate": "2018-08-21"
  },
  {
    "buySellIndicator": "Buy",
    "effectiveDate": "2017-09-14",
    "marketTermType": 360,
    "passThroughRate": 4,
    "productId": {
      "identifier": 4,
      "sourceType": "PU",
      "type": "MBS"
    },
    "productNameCode": "GN30",
    "settlementDate": "2018-09-20"
  },
  {
    "buySellIndicator": "Buy",
    "effectiveDate": "2017-09-14",
    "marketTermType": 360,
    "passThroughRate": 4,
    "productId": {
      "identifier": 4,
      "sourceType": "PU",
      "type": "MBS"
    },
    "productNameCode": "GN30",
    "settlementDate": "2018-10-18"
  },
  {
    "buySellIndicator": "Buy",
    "effectiveDate": "2017-09-14",
    "marketTermType": 360,
    "passThroughRate": 4,
    "productId": {
      "identifier": 4,
      "sourceType": "PU",
      "type": "MBS"
    },
    "productNameCode": "GN30",
    "settlementDate": "2018-11-19"
  },
  {
    "buySellIndicator": "Buy",
    "effectiveDate": "2017-09-14",
    "marketTermType": 360,
    "passThroughRate": 4.5,
    "productId": {
      "identifier": 4,
      "sourceType": "PU",
      "type": "MBS"
    },
    "productNameCode": "GN30",
    "settlementDate": "2018-05-21"
  },
  {
    "buySellIndicator": "Buy",
    "effectiveDate": "2017-09-14",
    "marketTermType": 360,
    "passThroughRate": 4.5,
    "productId": {
      "identifier": 4,
      "sourceType": "PU",
      "type": "MBS"
    },
    "productNameCode": "GN30",
    "settlementDate": "2018-06-20"
  },
  {
    "buySellIndicator": "Buy",
    "effectiveDate": "2017-09-14",
    "marketTermType": 360,
    "passThroughRate": 4.5,
    "productId": {
      "identifier": 4,
      "sourceType": "PU",
      "type": "MBS"
    },
    "productNameCode": "GN30",
    "settlementDate": "2018-07-19"
  },
  {
    "buySellIndicator": "Buy",
    "effectiveDate": "2017-09-14",
    "marketTermType": 360,
    "passThroughRate": 4.5,
    "productId": {
      "identifier": 4,
      "sourceType": "PU",
      "type": "MBS"
    },
    "productNameCode": "GN30",
    "settlementDate": "2018-08-21"
  },
  {
    "buySellIndicator": "Buy",
    "effectiveDate": "2017-09-14",
    "marketTermType": 360,
    "passThroughRate": 4.5,
    "productId": {
      "identifier": 4,
      "sourceType": "PU",
      "type": "MBS"
    },
    "productNameCode": "GN30",
    "settlementDate": "2018-09-20"
  },
  {
    "buySellIndicator": "Buy",
    "effectiveDate": "2017-09-14",
    "marketTermType": 360,
    "passThroughRate": 4.5,
    "productId": {
      "identifier": 4,
      "sourceType": "PU",
      "type": "MBS"
    },
    "productNameCode": "GN30",
    "settlementDate": "2018-10-18"
  },
  {
    "buySellIndicator": "Buy",
    "effectiveDate": "2017-09-14",
    "marketTermType": 360,
    "passThroughRate": 4.5,
    "productId": {
      "identifier": 4,
      "sourceType": "PU",
      "type": "MBS"
    },
    "productNameCode": "GN30",
    "settlementDate": "2018-11-19"
  },
  {
    "buySellIndicator": "Buy",
    "effectiveDate": "2017-09-14",
    "marketTermType": 360,
    "passThroughRate": 5,
    "productId": {
      "identifier": 4,
      "sourceType": "PU",
      "type": "MBS"
    },
    "productNameCode": "GN30",
    "settlementDate": "2018-05-21"
  },
  {
    "buySellIndicator": "Buy",
    "effectiveDate": "2017-09-14",
    "marketTermType": 360,
    "passThroughRate": 5,
    "productId": {
      "identifier": 4,
      "sourceType": "PU",
      "type": "MBS"
    },
    "productNameCode": "GN30",
    "settlementDate": "2018-06-20"
  },
  {
    "buySellIndicator": "Buy",
    "effectiveDate": "2017-09-14",
    "marketTermType": 360,
    "passThroughRate": 5,
    "productId": {
      "identifier": 4,
      "sourceType": "PU",
      "type": "MBS"
    },
    "productNameCode": "GN30",
    "settlementDate": "2018-07-19"
  },
  {
    "buySellIndicator": "Buy",
    "effectiveDate": "2017-09-14",
    "marketTermType": 360,
    "passThroughRate": 5,
    "productId": {
      "identifier": 4,
      "sourceType": "PU",
      "type": "MBS"
    },
    "productNameCode": "GN30",
    "settlementDate": "2018-08-21"
  },
  {
    "buySellIndicator": "Buy",
    "effectiveDate": "2017-09-14",
    "marketTermType": 360,
    "passThroughRate": 5,
    "productId": {
      "identifier": 4,
      "sourceType": "PU",
      "type": "MBS"
    },
    "productNameCode": "GN30",
    "settlementDate": "2018-09-20"
  },
  {
    "buySellIndicator": "Buy",
    "effectiveDate": "2017-09-14",
    "marketTermType": 360,
    "passThroughRate": 5,
    "productId": {
      "identifier": 4,
      "sourceType": "PU",
      "type": "MBS"
    },
    "productNameCode": "GN30",
    "settlementDate": "2018-10-18"
  },
  {
    "buySellIndicator": "Buy",
    "effectiveDate": "2017-09-14",
    "marketTermType": 360,
    "passThroughRate": 5,
    "productId": {
      "identifier": 4,
      "sourceType": "PU",
      "type": "MBS"
    },
    "productNameCode": "GN30",
    "settlementDate": "2018-11-19"
  },
  {
    "buySellIndicator": "Buy",
    "effectiveDate": "2017-09-14",
    "marketTermType": 360,
    "passThroughRate": 2.5,
    "productId": {
      "identifier": 5,
      "sourceType": "PU",
      "type": "MBS"
    },
    "productNameCode": "G230",
    "settlementDate": "2018-05-21"
  },
  {
    "buySellIndicator": "Buy",
    "effectiveDate": "2017-09-14",
    "marketTermType": 360,
    "passThroughRate": 2.5,
    "productId": {
      "identifier": 5,
      "sourceType": "PU",
      "type": "MBS"
    },
    "productNameCode": "G230",
    "settlementDate": "2018-06-20"
  },
  {
    "buySellIndicator": "Buy",
    "effectiveDate": "2017-09-14",
    "marketTermType": 360,
    "passThroughRate": 2.5,
    "productId": {
      "identifier": 5,
      "sourceType": "PU",
      "type": "MBS"
    },
    "productNameCode": "G230",
    "settlementDate": "2018-07-19"
  },
  {
    "buySellIndicator": "Buy",
    "effectiveDate": "2017-09-14",
    "marketTermType": 360,
    "passThroughRate": 2.5,
    "productId": {
      "identifier": 5,
      "sourceType": "PU",
      "type": "MBS"
    },
    "productNameCode": "G230",
    "settlementDate": "2018-08-21"
  },
  {
    "buySellIndicator": "Buy",
    "effectiveDate": "2017-09-14",
    "marketTermType": 360,
    "passThroughRate": 2.5,
    "productId": {
      "identifier": 5,
      "sourceType": "PU",
      "type": "MBS"
    },
    "productNameCode": "G230",
    "settlementDate": "2018-09-20"
  },
  {
    "buySellIndicator": "Buy",
    "effectiveDate": "2017-09-14",
    "marketTermType": 360,
    "passThroughRate": 2.5,
    "productId": {
      "identifier": 5,
      "sourceType": "PU",
      "type": "MBS"
    },
    "productNameCode": "G230",
    "settlementDate": "2018-10-18"
  },
  {
    "buySellIndicator": "Buy",
    "effectiveDate": "2017-09-14",
    "marketTermType": 360,
    "passThroughRate": 2.5,
    "productId": {
      "identifier": 5,
      "sourceType": "PU",
      "type": "MBS"
    },
    "productNameCode": "G230",
    "settlementDate": "2018-11-19"
  },
  {
    "buySellIndicator": "Buy",
    "effectiveDate": "2017-09-14",
    "marketTermType": 360,
    "passThroughRate": 3,
    "productId": {
      "identifier": 5,
      "sourceType": "PU",
      "type": "MBS"
    },
    "productNameCode": "G230",
    "settlementDate": "2018-05-21"
  },
  {
    "buySellIndicator": "Buy",
    "effectiveDate": "2017-09-14",
    "marketTermType": 360,
    "passThroughRate": 3,
    "productId": {
      "identifier": 5,
      "sourceType": "PU",
      "type": "MBS"
    },
    "productNameCode": "G230",
    "settlementDate": "2018-06-20"
  },
  {
    "buySellIndicator": "Buy",
    "effectiveDate": "2017-09-14",
    "marketTermType": 360,
    "passThroughRate": 3,
    "productId": {
      "identifier": 5,
      "sourceType": "PU",
      "type": "MBS"
    },
    "productNameCode": "G230",
    "settlementDate": "2018-07-19"
  },
  {
    "buySellIndicator": "Buy",
    "effectiveDate": "2017-09-14",
    "marketTermType": 360,
    "passThroughRate": 3,
    "productId": {
      "identifier": 5,
      "sourceType": "PU",
      "type": "MBS"
    },
    "productNameCode": "G230",
    "settlementDate": "2018-08-21"
  },
  {
    "buySellIndicator": "Buy",
    "effectiveDate": "2017-09-14",
    "marketTermType": 360,
    "passThroughRate": 3,
    "productId": {
      "identifier": 5,
      "sourceType": "PU",
      "type": "MBS"
    },
    "productNameCode": "G230",
    "settlementDate": "2018-09-20"
  },
  {
    "buySellIndicator": "Buy",
    "effectiveDate": "2017-09-14",
    "marketTermType": 360,
    "passThroughRate": 3,
    "productId": {
      "identifier": 5,
      "sourceType": "PU",
      "type": "MBS"
    },
    "productNameCode": "G230",
    "settlementDate": "2018-10-18"
  },
  {
    "buySellIndicator": "Buy",
    "effectiveDate": "2017-09-14",
    "marketTermType": 360,
    "passThroughRate": 3,
    "productId": {
      "identifier": 5,
      "sourceType": "PU",
      "type": "MBS"
    },
    "productNameCode": "G230",
    "settlementDate": "2018-11-19"
  },
  {
    "buySellIndicator": "Buy",
    "effectiveDate": "2017-09-14",
    "marketTermType": 360,
    "passThroughRate": 3.5,
    "productId": {
      "identifier": 5,
      "sourceType": "PU",
      "type": "MBS"
    },
    "productNameCode": "G230",
    "settlementDate": "2018-05-21"
  },
  {
    "buySellIndicator": "Buy",
    "effectiveDate": "2017-09-14",
    "marketTermType": 360,
    "passThroughRate": 3.5,
    "productId": {
      "identifier": 5,
      "sourceType": "PU",
      "type": "MBS"
    },
    "productNameCode": "G230",
    "settlementDate": "2018-06-20"
  },
  {
    "buySellIndicator": "Buy",
    "effectiveDate": "2017-09-14",
    "marketTermType": 360,
    "passThroughRate": 3.5,
    "productId": {
      "identifier": 5,
      "sourceType": "PU",
      "type": "MBS"
    },
    "productNameCode": "G230",
    "settlementDate": "2018-07-19"
  },
  {
    "buySellIndicator": "Buy",
    "effectiveDate": "2017-09-14",
    "marketTermType": 360,
    "passThroughRate": 3.5,
    "productId": {
      "identifier": 5,
      "sourceType": "PU",
      "type": "MBS"
    },
    "productNameCode": "G230",
    "settlementDate": "2018-08-21"
  },
  {
    "buySellIndicator": "Buy",
    "effectiveDate": "2017-09-14",
    "marketTermType": 360,
    "passThroughRate": 3.5,
    "productId": {
      "identifier": 5,
      "sourceType": "PU",
      "type": "MBS"
    },
    "productNameCode": "G230",
    "settlementDate": "2018-09-20"
  },
  {
    "buySellIndicator": "Buy",
    "effectiveDate": "2017-09-14",
    "marketTermType": 360,
    "passThroughRate": 3.5,
    "productId": {
      "identifier": 5,
      "sourceType": "PU",
      "type": "MBS"
    },
    "productNameCode": "G230",
    "settlementDate": "2018-10-18"
  },
  {
    "buySellIndicator": "Buy",
    "effectiveDate": "2017-09-14",
    "marketTermType": 360,
    "passThroughRate": 3.5,
    "productId": {
      "identifier": 5,
      "sourceType": "PU",
      "type": "MBS"
    },
    "productNameCode": "G230",
    "settlementDate": "2018-11-19"
  },
  {
    "buySellIndicator": "Buy",
    "effectiveDate": "2017-09-14",
    "marketTermType": 360,
    "passThroughRate": 4,
    "productId": {
      "identifier": 5,
      "sourceType": "PU",
      "type": "MBS"
    },
    "productNameCode": "G230",
    "settlementDate": "2018-05-21"
  },
  {
    "buySellIndicator": "Buy",
    "effectiveDate": "2017-09-14",
    "marketTermType": 360,
    "passThroughRate": 4,
    "productId": {
      "identifier": 5,
      "sourceType": "PU",
      "type": "MBS"
    },
    "productNameCode": "G230",
    "settlementDate": "2018-06-20"
  },
  {
    "buySellIndicator": "Buy",
    "effectiveDate": "2017-09-14",
    "marketTermType": 360,
    "passThroughRate": 4,
    "productId": {
      "identifier": 5,
      "sourceType": "PU",
      "type": "MBS"
    },
    "productNameCode": "G230",
    "settlementDate": "2018-07-19"
  },
  {
    "buySellIndicator": "Buy",
    "effectiveDate": "2017-09-14",
    "marketTermType": 360,
    "passThroughRate": 4,
    "productId": {
      "identifier": 5,
      "sourceType": "PU",
      "type": "MBS"
    },
    "productNameCode": "G230",
    "settlementDate": "2018-08-21"
  },
  {
    "buySellIndicator": "Buy",
    "effectiveDate": "2017-09-14",
    "marketTermType": 360,
    "passThroughRate": 4,
    "productId": {
      "identifier": 5,
      "sourceType": "PU",
      "type": "MBS"
    },
    "productNameCode": "G230",
    "settlementDate": "2018-09-20"
  },
  {
    "buySellIndicator": "Buy",
    "effectiveDate": "2017-09-14",
    "marketTermType": 360,
    "passThroughRate": 4,
    "productId": {
      "identifier": 5,
      "sourceType": "PU",
      "type": "MBS"
    },
    "productNameCode": "G230",
    "settlementDate": "2018-10-18"
  },
  {
    "buySellIndicator": "Buy",
    "effectiveDate": "2017-09-14",
    "marketTermType": 360,
    "passThroughRate": 4,
    "productId": {
      "identifier": 5,
      "sourceType": "PU",
      "type": "MBS"
    },
    "productNameCode": "G230",
    "settlementDate": "2018-11-19"
  },
  {
    "buySellIndicator": "Buy",
    "effectiveDate": "2017-09-14",
    "marketTermType": 360,
    "passThroughRate": 4.5,
    "productId": {
      "identifier": 5,
      "sourceType": "PU",
      "type": "MBS"
    },
    "productNameCode": "G230",
    "settlementDate": "2018-05-21"
  },
  {
    "buySellIndicator": "Buy",
    "effectiveDate": "2017-09-14",
    "marketTermType": 360,
    "passThroughRate": 4.5,
    "productId": {
      "identifier": 5,
      "sourceType": "PU",
      "type": "MBS"
    },
    "productNameCode": "G230",
    "settlementDate": "2018-06-20"
  },
  {
    "buySellIndicator": "Buy",
    "effectiveDate": "2017-09-14",
    "marketTermType": 360,
    "passThroughRate": 4.5,
    "productId": {
      "identifier": 5,
      "sourceType": "PU",
      "type": "MBS"
    },
    "productNameCode": "G230",
    "settlementDate": "2018-07-19"
  },
  {
    "buySellIndicator": "Buy",
    "effectiveDate": "2017-09-14",
    "marketTermType": 360,
    "passThroughRate": 4.5,
    "productId": {
      "identifier": 5,
      "sourceType": "PU",
      "type": "MBS"
    },
    "productNameCode": "G230",
    "settlementDate": "2018-08-21"
  },
  {
    "buySellIndicator": "Buy",
    "effectiveDate": "2017-09-14",
    "marketTermType": 360,
    "passThroughRate": 4.5,
    "productId": {
      "identifier": 5,
      "sourceType": "PU",
      "type": "MBS"
    },
    "productNameCode": "G230",
    "settlementDate": "2018-09-20"
  },
  {
    "buySellIndicator": "Buy",
    "effectiveDate": "2017-09-14",
    "marketTermType": 360,
    "passThroughRate": 4.5,
    "productId": {
      "identifier": 5,
      "sourceType": "PU",
      "type": "MBS"
    },
    "productNameCode": "G230",
    "settlementDate": "2018-10-18"
  },
  {
    "buySellIndicator": "Buy",
    "effectiveDate": "2017-09-14",
    "marketTermType": 360,
    "passThroughRate": 4.5,
    "productId": {
      "identifier": 5,
      "sourceType": "PU",
      "type": "MBS"
    },
    "productNameCode": "G230",
    "settlementDate": "2018-11-19"
  },
  {
    "buySellIndicator": "Buy",
    "effectiveDate": "2017-09-14",
    "marketTermType": 360,
    "passThroughRate": 5,
    "productId": {
      "identifier": 5,
      "sourceType": "PU",
      "type": "MBS"
    },
    "productNameCode": "G230",
    "settlementDate": "2018-05-21"
  },
  {
    "buySellIndicator": "Buy",
    "effectiveDate": "2017-09-14",
    "marketTermType": 360,
    "passThroughRate": 5,
    "productId": {
      "identifier": 5,
      "sourceType": "PU",
      "type": "MBS"
    },
    "productNameCode": "G230",
    "settlementDate": "2018-06-20"
  },
  {
    "buySellIndicator": "Buy",
    "effectiveDate": "2017-09-14",
    "marketTermType": 360,
    "passThroughRate": 5,
    "productId": {
      "identifier": 5,
      "sourceType": "PU",
      "type": "MBS"
    },
    "productNameCode": "G230",
    "settlementDate": "2018-07-19"
  },
  {
    "buySellIndicator": "Buy",
    "effectiveDate": "2017-09-14",
    "marketTermType": 360,
    "passThroughRate": 5,
    "productId": {
      "identifier": 5,
      "sourceType": "PU",
      "type": "MBS"
    },
    "productNameCode": "G230",
    "settlementDate": "2018-08-21"
  },
  {
    "buySellIndicator": "Buy",
    "effectiveDate": "2017-09-14",
    "marketTermType": 360,
    "passThroughRate": 5,
    "productId": {
      "identifier": 5,
      "sourceType": "PU",
      "type": "MBS"
    },
    "productNameCode": "G230",
    "settlementDate": "2018-09-20"
  },
  {
    "buySellIndicator": "Buy",
    "effectiveDate": "2017-09-14",
    "marketTermType": 360,
    "passThroughRate": 5,
    "productId": {
      "identifier": 5,
      "sourceType": "PU",
      "type": "MBS"
    },
    "productNameCode": "G230",
    "settlementDate": "2018-10-18"
  },
  {
    "buySellIndicator": "Buy",
    "effectiveDate": "2017-09-14",
    "marketTermType": 360,
    "passThroughRate": 5,
    "productId": {
      "identifier": 5,
      "sourceType": "PU",
      "type": "MBS"
    },
    "productNameCode": "G230",
    "settlementDate": "2018-11-19"
  }
]</con:request><con:originalUri>https://mbsp01-devl.e003.fanniemae.com/mbsproductpricing</con:originalUri><con:credentials><con:authType>No Authorization</con:authType></con:credentials><con:jmsConfig JMSDeliveryMode="PERSISTENT"/><con:jmsPropertyConfig/><con:parameters/></con:request></con:method></con:resource><con:resource name="LOAD-PROFILE" path="/mbsprofileentitlements" id="99c4df3a-f380-465b-9218-3f98e3ac1d2c"><con:settings/><con:parameters/><con:method name="Method 1" id="eebc9b3d-7b2c-486a-943f-9dbdb8ba53e8" method="POST"><con:settings/><con:parameters/><con:representation type="REQUEST"><con:mediaType>application/json</con:mediaType><con:params/></con:representation><con:representation type="RESPONSE"><con:mediaType>application/json;charset=UTF-8</con:mediaType><con:status>200</con:status><con:params/><con:element xmlns:mbs="https://mbsp01-devl.e003.fanniemae.com/mbsprofileentitlements">mbs:Response</con:element></con:representation><con:representation type="RESPONSE"><con:mediaType xsi:nil="true"/><con:status>0</con:status><con:params/><con:element>data</con:element></con:representation><con:representation type="RESPONSE"><con:mediaType xsi:nil="true"/><con:status>0</con:status><con:params/><con:element>data</con:element></con:representation><con:representation type="RESPONSE"><con:mediaType xsi:nil="true"/><con:status>0</con:status><con:params/><con:element>data</con:element></con:representation><con:representation type="RESPONSE"><con:mediaType xsi:nil="true"/><con:status>0</con:status><con:params/><con:element>data</con:element></con:representation><con:representation type="RESPONSE"><con:mediaType xsi:nil="true"/><con:status>0</con:status><con:params/><con:element>data</con:element></con:representation><con:representation type="RESPONSE"><con:mediaType xsi:nil="true"/><con:status>0</con:status><con:params/><con:element>data</con:element></con:representation><con:representation type="RESPONSE"><con:mediaType xsi:nil="true"/><con:status>0</con:status><con:params/><con:element>data</con:element></con:representation><con:representation type="RESPONSE"><con:mediaType xsi:nil="true"/><con:status>0</con:status><con:params/><con:element>data</con:element></con:representation><con:representation type="RESPONSE"><con:mediaType xsi:nil="true"/><con:status>0</con:status><con:params/><con:element>data</con:element></con:representation><con:request name="tsp_p43x6snt" id="aabe2ca3-d3a3-44ff-97db-2992e8be1648" mediaType="application/json" postQueryString="false"><con:settings><con:setting id="com.eviware.soapui.impl.wsdl.WsdlRequest@request-headers">&lt;xml-fragment xmlns:con="http://eviware.com/soapui/config">
  &lt;con:entry key="x-fnma-channel" value="web"/>
  &lt;con:entry key="x-fnma-sub-channel" value="MBSP"/>
  &lt;con:entry key="x-fnma-sessionid" value="sa"/>
&lt;/xml-fragment></con:setting></con:settings><con:endpoint>https://api.fanniemae.com/fmnapi</con:endpoint><con:request>{
  "firstName": "Shakeout",
  "lastName": "Testing",
  "userName": "p43x6snt",
  "roles": [
    {
      "name": "MBS Trade_TSP - Execute",
      "appCode": null,
      "permissions": null
    }
  ],
  "fannieMaeUser": false,
  "tspLenders": [
    {
      "dealerOrgId": "Test Lender1",
      "dealerOrgName": "Test Lender1",
      "partyShortName": "TEST-I",
      "sellerSerivcerNo": "10601"
    },
    {
      "dealerOrgId": "Test Lender2",
      "dealerOrgName": "Test Lender2",
      "partyShortName": "TEST-I",
      "sellerSerivcerNo": "10602"
    },
    {
      "dealerOrgId": "Test Lender3",
      "dealerOrgName": "Test Lender3",
      "partyShortName": "TEST-I",
      "sellerSerivcerNo": "10603"
    },
    {
      "dealerOrgId": "Test Lender4",
      "dealerOrgName": "Test Lender4",
      "partyShortName": "TEST-I",
      "sellerSerivcerNo": "10604"
    },
    {
      "dealerOrgId": "Test Lender5",
      "dealerOrgName": "Test Lender5",
      "partyShortName": "TEST-I",
      "sellerSerivcerNo": "10605"
    },
    {
      "dealerOrgId": "Test Lender6",
      "dealerOrgName": "Test Lender6",
      "partyShortName": "TEST-I",
      "sellerSerivcerNo": "10606"
    },
    {
      "dealerOrgId": "Test Lender7",
      "dealerOrgName": "Test Lender7",
      "partyShortName": "TEST-I",
      "sellerSerivcerNo": "10607"
    },
    {
      "dealerOrgId": "Test Lender8",
      "dealerOrgName": "Test Lender8",
      "partyShortName": "TEST-I",
      "sellerSerivcerNo": "10608"
    },
    {
      "dealerOrgId": "Test Lender9",
      "dealerOrgName": "Test Lender9",
      "partyShortName": "TEST-I",
      "sellerSerivcerNo": "10609"
    },
    {
      "dealerOrgId": "Test Lender10",
      "dealerOrgName": "Test Lender10",
      "partyShortName": "TEST-I",
      "sellerSerivcerNo": "10610"
    }
  ],
  "partyShortName": "TSPA"
}</con:request><con:originalUri>https://mbsp01-devl.e003.fanniemae.com/mbsprofileentitlements</con:originalUri><con:credentials><con:authType>No Authorization</con:authType></con:credentials><con:jmsConfig JMSDeliveryMode="PERSISTENT"/><con:jmsPropertyConfig/><con:parameters/></con:request><con:request name="tsp_a8923s1t" id="aabe2ca3-d3a3-44ff-97db-2992e8be1648" mediaType="application/json" postQueryString="false"><con:settings><con:setting id="com.eviware.soapui.impl.wsdl.WsdlRequest@request-headers">&lt;xml-fragment xmlns:con="http://eviware.com/soapui/config">
  &lt;con:entry key="x-fnma-channel" value="web"/>
  &lt;con:entry key="x-fnma-sub-channel" value="MBSP"/>
  &lt;con:entry key="x-fnma-sessionid" value=""/>
&lt;/xml-fragment></con:setting></con:settings><con:endpoint>https://api.fanniemae.com/fmnapi</con:endpoint><con:request>{
  "firstName": "Shakeout",
  "lastName": "Test",
  "userName": "a8923s1t",
  "roles": [
    {
      "name": "MBS Trade_TSP - Execute",
      "appCode": null,
      "permissions": null
    }
  ],
  "fannieMaeUser": false,
  "tspLenders": [
    {
      "dealerOrgId": "Test Lender11",
      "dealerOrgName": "Test Lender11",
      "partyShortName": "TEST-I",
      "sellerSerivcerNo": "10701"
    },
    {
      "dealerOrgId": "Test Lender12",
      "dealerOrgName": "Test Lender12",
      "partyShortName": "TEST-I",
      "sellerSerivcerNo": "10702"
    },
    {
      "dealerOrgId": "Test Lender13",
      "dealerOrgName": "Test Lender13",
      "partyShortName": "TEST-I",
      "sellerSerivcerNo": "10703"
    },
    {
      "dealerOrgId": "Test Lender14",
      "dealerOrgName": "Test Lender14",
      "partyShortName": "TEST-I",
      "sellerSerivcerNo": "10704"
    },
    {
      "dealerOrgId": "Test Lender15",
      "dealerOrgName": "Test Lender15",
      "partyShortName": "TEST-I",
      "sellerSerivcerNo": "10705"
    },
    {
      "dealerOrgId": "Test Lender16",
      "dealerOrgName": "Test Lender16",
      "partyShortName": "TEST-I",
      "sellerSerivcerNo": "10706"
    },
    {
      "dealerOrgId": "Test Lender17",
      "dealerOrgName": "Test Lender17",
      "partyShortName": "TEST-I",
      "sellerSerivcerNo": "10707"
    },
    {
      "dealerOrgId": "Test Lender18",
      "dealerOrgName": "Test Lender18",
      "partyShortName": "TEST-I",
      "sellerSerivcerNo": "10708"
    },
    {
      "dealerOrgId": "Test Lender19",
      "dealerOrgName": "Test Lender19",
      "partyShortName": "TEST-I",
      "sellerSerivcerNo": "10709"
    },
    {
      "dealerOrgId": "Test Lender20",
      "dealerOrgName": "Test Lender20",
      "partyShortName": "TEST-I",
      "sellerSerivcerNo": "10710"
    }
  ],
  "partyShortName": "TSPB"
}</con:request><con:originalUri>https://mbsp01-devl.e003.fanniemae.com/mbsprofileentitlements</con:originalUri><con:credentials><con:authType>No Authorization</con:authType></con:credentials><con:jmsConfig JMSDeliveryMode="PERSISTENT"/><con:jmsPropertyConfig/><con:parameters/></con:request></con:method></con:resource></con:interface><con:properties/><con:wssContainer/><con:oAuth2ProfileContainer/></con:soapui-project>