<?xml version="1.0" encoding="UTF-8"?>
<con:soapui-project id="6e541db7-4d93-490f-b711-5175c992a979" activeEnvironment="Default" name="MBSP-R2.3-L2-Support" resourceRoot="" soapui-version="5.2.1" abortOnError="false" runType="SEQUENTIAL" xmlns:con="http://eviware.com/soapui/config"><con:settings/><con:interface xsi:type="con:RestService" id="c3a5c26e-2f7c-40c4-bf23-355200d77b12" wadlVersion="http://wadl.dev.java.net/2009/02" name="https://api.fanniemae.com" type="rest" xmlns:xsi="http://www.w3.org/2001/XMLSchema-instance"><con:settings/><con:definitionCache type="TEXT" rootPart=""/><con:endpoints><con:endpoint>https://mbsp-prod-eb-01-webapp.us-east-1.e001.fanniemae.com</con:endpoint></con:endpoints><con:resource name="LOAD-PARTY" path="/mbsparty" id="99c4df3a-f380-465b-9218-3f98e3ac1d2c"><con:settings/><con:parameters/><con:method name="Method 1" id="eebc9b3d-7b2c-486a-943f-9dbdb8ba53e8" method="POST"><con:settings/><con:parameters/><con:representation type="REQUEST"><con:mediaType>application/json</con:mediaType><con:params/></con:representation><con:representation type="RESPONSE"><con:mediaType>application/json;charset=UTF-8</con:mediaType><con:status>200</con:status><con:params/><con:element xmlns:mbs="https://mbsp01-devl.e003.fanniemae.com/mbsprofileentitlements">mbs:Response</con:element></con:representation><con:representation type="RESPONSE"><con:mediaType xsi:nil="true"/><con:status>0</con:status><con:params/><con:element>data</con:element></con:representation><con:representation type="RESPONSE"><con:mediaType xsi:nil="true"/><con:status>0</con:status><con:params/><con:element>data</con:element></con:representation><con:representation type="RESPONSE"><con:mediaType xsi:nil="true"/><con:status>0</con:status><con:params/><con:element>data</con:element></con:representation><con:representation type="RESPONSE"><con:mediaType xsi:nil="true"/><con:status>0</con:status><con:params/><con:element>data</con:element></con:representation><con:representation type="RESPONSE"><con:mediaType xsi:nil="true"/><con:status>0</con:status><con:params/><con:element>data</con:element></con:representation><con:representation type="RESPONSE"><con:mediaType xsi:nil="true"/><con:status>0</con:status><con:params/><con:element>data</con:element></con:representation><con:representation type="RESPONSE"><con:mediaType xsi:nil="true"/><con:status>0</con:status><con:params/><con:element>data</con:element></con:representation><con:representation type="RESPONSE"><con:mediaType xsi:nil="true"/><con:status>0</con:status><con:params/><con:element>data</con:element></con:representation><con:representation type="RESPONSE"><con:mediaType xsi:nil="true"/><con:status>0</con:status><con:params/><con:element>data</con:element></con:representation><con:representation type="FAULT"><con:mediaType>text/html</con:mediaType><con:status>503</con:status><con:params/><con:element>html</con:element></con:representation><con:representation type="FAULT"><con:mediaType>application/json;charset=UTF-8</con:mediaType><con:status>400</con:status><con:params/><con:element xmlns:mbs="https://mbsp01-devl.e003.fanniemae.com/mbsprofileentitlements">mbs:Fault</con:element></con:representation><con:request name="Request" id="aabe2ca3-d3a3-44ff-97db-2992e8be1648" mediaType="application/json" postQueryString="false"><con:settings><con:setting id="com.eviware.soapui.impl.wsdl.WsdlRequest@request-headers">&lt;xml-fragment xmlns:con="http://eviware.com/soapui/config">
  &lt;con:entry key="x-fnma-channel" value="web"/>
  &lt;con:entry key="x-fnma-sub-channel" value="MBSP"/>
  &lt;con:entry key="x-fnma-sessionid" value=""/>
&lt;/xml-fragment></con:setting></con:settings><con:endpoint>https://mbsp-prod-eb-01-webapp.us-east-1.e001.fanniemae.com</con:endpoint><con:request/><con:originalUri>https://mbsp01-devl.e003.fanniemae.com/mbsprofileentitlements</con:originalUri><con:credentials><con:authType>No Authorization</con:authType></con:credentials><con:jmsConfig JMSDeliveryMode="PERSISTENT"/><con:jmsPropertyConfig/><con:parameters/></con:request></con:method></con:resource><con:resource name="LOAD-EXCEPTION" path="/mbsexceptions" id="99c4df3a-f380-465b-9218-3f98e3ac1d2c"><con:settings/><con:parameters/><con:method name="Method 1" id="eebc9b3d-7b2c-486a-943f-9dbdb8ba53e8" method="POST"><con:settings/><con:parameters/><con:representation type="REQUEST"><con:mediaType>application/json</con:mediaType><con:params/></con:representation><con:representation type="RESPONSE"><con:mediaType>application/json;charset=UTF-8</con:mediaType><con:status>200</con:status><con:params/><con:element xmlns:mbs="https://mbsp01-devl.e003.fanniemae.com/mbsprofileentitlements">mbs:Response</con:element></con:representation><con:representation type="RESPONSE"><con:mediaType xsi:nil="true"/><con:status>0</con:status><con:params/><con:element>data</con:element></con:representation><con:representation type="RESPONSE"><con:mediaType xsi:nil="true"/><con:status>0</con:status><con:params/><con:element>data</con:element></con:representation><con:representation type="RESPONSE"><con:mediaType xsi:nil="true"/><con:status>0</con:status><con:params/><con:element>data</con:element></con:representation><con:representation type="RESPONSE"><con:mediaType xsi:nil="true"/><con:status>0</con:status><con:params/><con:element>data</con:element></con:representation><con:representation type="RESPONSE"><con:mediaType xsi:nil="true"/><con:status>0</con:status><con:params/><con:element>data</con:element></con:representation><con:representation type="RESPONSE"><con:mediaType xsi:nil="true"/><con:status>0</con:status><con:params/><con:element>data</con:element></con:representation><con:representation type="RESPONSE"><con:mediaType xsi:nil="true"/><con:status>0</con:status><con:params/><con:element>data</con:element></con:representation><con:representation type="RESPONSE"><con:mediaType xsi:nil="true"/><con:status>0</con:status><con:params/><con:element>data</con:element></con:representation><con:representation type="RESPONSE"><con:mediaType xsi:nil="true"/><con:status>0</con:status><con:params/><con:element>data</con:element></con:representation><con:representation type="FAULT"><con:mediaType>text/html</con:mediaType><con:status>503 502</con:status><con:params/><con:element>html</con:element></con:representation><con:representation type="FAULT"><con:mediaType>application/json;charset=UTF-8</con:mediaType><con:status>400</con:status><con:params/><con:element xmlns:mbs="https://mbsp01-devl.e003.fanniemae.com/mbsprofileentitlements">mbs:Fault</con:element></con:representation><con:request name="Request" id="aabe2ca3-d3a3-44ff-97db-2992e8be1648" mediaType="application/json" postQueryString="false"><con:settings><con:setting id="com.eviware.soapui.impl.wsdl.WsdlRequest@request-headers">&lt;xml-fragment xmlns:con="http://eviware.com/soapui/config">
  &lt;con:entry key="x-fnma-channel" value="web"/>
  &lt;con:entry key="x-fnma-sub-channel" value="MBSP"/>
  &lt;con:entry key="x-fnma-sessionid" value=""/>
&lt;/xml-fragment></con:setting></con:settings><con:endpoint>https://mbsp-prod-eb-01-webapp.us-east-1.e001.fanniemae.com</con:endpoint><con:request/><con:originalUri>https://mbsp01-devl.e003.fanniemae.com/mbsprofileentitlements</con:originalUri><con:credentials><con:authType>No Authorization</con:authType></con:credentials><con:jmsConfig JMSDeliveryMode="PERSISTENT"/><con:jmsPropertyConfig/><con:parameters/></con:request></con:method></con:resource></con:interface><con:properties/><con:wssContainer/><con:oAuth2ProfileContainer/></con:soapui-project>