<?xml version="1.0" encoding="UTF-8"?>
<con:soapui-project id="15e9f0ad-17cc-43c7-a585-ddeb0737eaba" activeEnvironment="Default" name="MBSP-L2-Support" resourceRoot="${projectDir}" soapui-version="5.2.1" abortOnError="false" runType="SEQUENTIAL" xmlns:con="http://eviware.com/soapui/config"><con:settings/><con:interface xsi:type="con:RestService" id="b3c02575-3c5e-4d23-8a73-dc5619f06a67" wadlVersion="http://wadl.dev.java.net/2009/02" name="https://api.fanniemae.com" type="rest" xmlns:xsi="http://www.w3.org/2001/XMLSchema-instance"><con:settings/><con:definitionCache/><con:endpoints><con:endpoint>https://api.fanniemae.com/cdxapi</con:endpoint><con:endpoint>https://api.fanniemae.com/fmnapi</con:endpoint></con:endpoints><con:resource name="LOGIN-GW-ADMIN" path="/cdxlogin" id="7b0416ba-9d8b-49ac-8769-f5d3b8b7d884"><con:settings/><con:parameters/><con:method name="Fmnapi" id="1651635c-8fb1-4fb9-b49d-519522cbcd58" method="GET"><con:settings/><con:parameters/><con:request name="Request 1" id="88757e2b-d199-4f17-8e75-decb7373867c" mediaType="application/json"><con:settings><con:setting id="com.eviware.soapui.impl.wsdl.WsdlRequest@request-headers"><![CDATA[<xml-fragment xmlns:con="http://eviware.com/soapui/config">
  <con:entry key="x-fnma-channel" value="web"/>
  <con:entry key="Authorization" value="Basic &lt;>"/>
  <con:entry key="x-fnma-sub-channel" value="MBSP"/>
</xml-fragment>]]></con:setting></con:settings><con:endpoint>https://api.fanniemae.com/cdxapi</con:endpoint><con:request/><con:credentials><con:authType>No Authorization</con:authType></con:credentials><con:jmsConfig JMSDeliveryMode="PERSISTENT"/><con:jmsPropertyConfig/><con:parameters/></con:request></con:method></con:resource><con:resource name="LOAD-PRODUCT" path="/mbsproducts" id="21a14dbc-d621-4248-9b84-ada96f4391b9"><con:settings/><con:parameters/><con:method name="Method 1" id="8b6dc179-6886-4af8-af86-6cc8cb5e517d" method="POST"><con:settings/><con:parameters/><con:request name="prod-0" id="9e73e0a0-2da7-4a4b-8fd3-65cb3a859805" mediaType="application/json" postQueryString="false"><con:settings><con:setting id="com.eviware.soapui.impl.wsdl.WsdlRequest@request-headers">&lt;xml-fragment xmlns:con="http://eviware.com/soapui/config">
  &lt;con:entry key="x-fnma-channel" value="web"/>
  &lt;con:entry key="x-fnma-sub-channel" value="MBSP"/>
  &lt;con:entry key="x-fnma-sessionid" value=""/>
&lt;/xml-fragment></con:setting></con:settings><con:endpoint>https://api.fanniemae.com/fmnapi</con:endpoint><con:request> {
   "productId": {
      "identifier": 0,
      "sourceType": "PU",
      "type": "MBS"
   },
   "nameCode": "FN30",
   "brsSubPortfolioShortName": "FP004",
   "brsNameCode": "FN30",
   "nameCodeSortOrder": 1,
   "agencyType": "FN",
   "securityTerm": 360,
   "description": "Fannie 30 Yr Fixed"
}</con:request><con:credentials><con:authType>No Authorization</con:authType></con:credentials><con:jmsConfig JMSDeliveryMode="PERSISTENT"/><con:jmsPropertyConfig/><con:parameters/></con:request><con:request name="prod-1" id="9e73e0a0-2da7-4a4b-8fd3-65cb3a859805" mediaType="application/json" postQueryString="false"><con:settings><con:setting id="com.eviware.soapui.impl.wsdl.WsdlRequest@request-headers">&lt;xml-fragment xmlns:con="http://eviware.com/soapui/config">
  &lt;con:entry key="x-fnma-channel" value="web"/>
  &lt;con:entry key="x-fnma-sub-channel" value="MBSP"/>
  &lt;con:entry key="x-fnma-sessionid" value=""/>
&lt;/xml-fragment></con:setting></con:settings><con:endpoint>https://api.fanniemae.com/fmnapi</con:endpoint><con:request>{
   "productId": {
      "identifier": 1,
      "sourceType": "PU",
      "type": "MBS"
   },
   "nameCode": "FN15",
   "brsSubPortfolioShortName": "FP004",
   "brsNameCode": "FN15",
   "nameCodeSortOrder": 2,
   "agencyType": "FN",
   "securityTerm": 180,
   "description": "Fannie 15 Yr Fixed"
}</con:request><con:credentials><con:authType>No Authorization</con:authType></con:credentials><con:jmsConfig JMSDeliveryMode="PERSISTENT"/><con:jmsPropertyConfig/><con:parameters/></con:request><con:request name="prod-2" id="9e73e0a0-2da7-4a4b-8fd3-65cb3a859805" mediaType="application/json" postQueryString="false"><con:settings><con:setting id="com.eviware.soapui.impl.wsdl.WsdlRequest@request-headers">&lt;xml-fragment xmlns:con="http://eviware.com/soapui/config">
  &lt;con:entry key="x-fnma-channel" value="web"/>
  &lt;con:entry key="x-fnma-sub-channel" value="MBSP"/>
  &lt;con:entry key="x-fnma-sessionid" value=""/>
&lt;/xml-fragment></con:setting></con:settings><con:endpoint>https://api.fanniemae.com/fmnapi</con:endpoint><con:request> {
   "productId": {
      "identifier": 2,
      "sourceType": "PU",
      "type": "MBS"
   },
   "nameCode": "PC30",
   "brsSubPortfolioShortName": "FP004",
   "brsNameCode": "FG30",
   "nameCodeSortOrder": 3,
   "agencyType": "FR",
   "securityTerm": 360,
   "description": "Freddie 30 Yr Fixed"
}</con:request><con:credentials><con:authType>No Authorization</con:authType></con:credentials><con:jmsConfig JMSDeliveryMode="PERSISTENT"/><con:jmsPropertyConfig/><con:parameters/></con:request><con:request name="prod-3" id="9e73e0a0-2da7-4a4b-8fd3-65cb3a859805" mediaType="application/json" postQueryString="false"><con:settings><con:setting id="com.eviware.soapui.impl.wsdl.WsdlRequest@request-headers">&lt;xml-fragment xmlns:con="http://eviware.com/soapui/config">
  &lt;con:entry key="x-fnma-channel" value="web"/>
  &lt;con:entry key="x-fnma-sub-channel" value="MBSP"/>
  &lt;con:entry key="x-fnma-sessionid" value=""/>
&lt;/xml-fragment></con:setting></con:settings><con:endpoint>https://api.fanniemae.com/fmnapi</con:endpoint><con:request> {
   "productId": {
      "identifier": 3,
      "sourceType": "PU",
      "type": "MBS"
   },
   "nameCode": "PC15",
   "brsSubPortfolioShortName": "FP004",
   "brsNameCode": "FG15",
   "nameCodeSortOrder": 4,
   "agencyType": "FR",
   "securityTerm": 180,
   "description": "Freddie 15 Yr Fixed"
}</con:request><con:credentials><con:authType>No Authorization</con:authType></con:credentials><con:jmsConfig JMSDeliveryMode="PERSISTENT"/><con:jmsPropertyConfig/><con:parameters/></con:request><con:request name="prod-4" id="9e73e0a0-2da7-4a4b-8fd3-65cb3a859805" mediaType="application/json" postQueryString="false"><con:settings><con:setting id="com.eviware.soapui.impl.wsdl.WsdlRequest@request-headers">&lt;xml-fragment xmlns:con="http://eviware.com/soapui/config">
  &lt;con:entry key="x-fnma-channel" value="web"/>
  &lt;con:entry key="x-fnma-sub-channel" value="MBSP"/>
  &lt;con:entry key="x-fnma-sessionid" value=""/>
&lt;/xml-fragment></con:setting></con:settings><con:endpoint>https://api.fanniemae.com/fmnapi</con:endpoint><con:request> {
   "productId": {
      "identifier": 4,
      "sourceType": "PU",
      "type": "MBS"
   },
   "nameCode": "GN30",
   "brsSubPortfolioShortName": "FP018",
   "brsNameCode": "GN30",
   "nameCodeSortOrder": 5,
   "agencyType": "G1",
   "securityTerm": 360,
   "description": "Ginnie 30 Yr Fixed"
}</con:request><con:credentials><con:authType>No Authorization</con:authType></con:credentials><con:jmsConfig JMSDeliveryMode="PERSISTENT"/><con:jmsPropertyConfig/><con:parameters/></con:request><con:request name="prod-5" id="9e73e0a0-2da7-4a4b-8fd3-65cb3a859805" mediaType="application/json" postQueryString="false"><con:settings><con:setting id="com.eviware.soapui.impl.wsdl.WsdlRequest@request-headers">&lt;xml-fragment xmlns:con="http://eviware.com/soapui/config">
  &lt;con:entry key="x-fnma-channel" value="web"/>
  &lt;con:entry key="x-fnma-sub-channel" value="MBSP"/>
  &lt;con:entry key="x-fnma-sessionid" value=""/>
&lt;/xml-fragment></con:setting></con:settings><con:endpoint>https://api.fanniemae.com/fmnapi</con:endpoint><con:request>{
   "productId": {
      "identifier": 5,
      "sourceType": "PU",
      "type": "MBS"
   },
   "nameCode": "G230",
   "brsSubPortfolioShortName": "FP018",
   "brsNameCode": "G230",
   "nameCodeSortOrder": 6,
   "agencyType": "G2",
   "securityTerm": 360,
   "description": "Ginnie II 30 Yr Fixed"
}</con:request><con:credentials><con:authType>No Authorization</con:authType></con:credentials><con:jmsConfig JMSDeliveryMode="PERSISTENT"/><con:jmsPropertyConfig/><con:parameters/></con:request></con:method><con:method name="ClearAllProducts" id="ba788029-eed5-426a-864c-1851b699cafd" method="DELETE"><con:settings/><con:parameters/><con:request name="Request 1" id="7e194590-936e-4bad-8d29-bafa64f7f53d" mediaType="application/json" postQueryString="false"><con:settings><con:setting id="com.eviware.soapui.impl.wsdl.WsdlRequest@request-headers">&lt;xml-fragment xmlns:con="http://eviware.com/soapui/config">
  &lt;con:entry key="x-fnma-channel" value="web"/>
  &lt;con:entry key="x-fnma-sub-channel" value="MBSP"/>
  &lt;con:entry key="x-fnma-sessionid" value=""/>
&lt;/xml-fragment></con:setting></con:settings><con:endpoint>https://api.fanniemae.com/fmnapi</con:endpoint><con:request/><con:credentials><con:authType>No Authorization</con:authType></con:credentials><con:jmsConfig JMSDeliveryMode="PERSISTENT"/><con:jmsPropertyConfig/><con:parameters/></con:request></con:method></con:resource><con:resource name="LOAD-PRODUCTS-PRICE" path="/mbsproductpricing" id="21a14dbc-d621-4248-9b84-ada96f4391b9"><con:settings/><con:parameters/><con:method name="Method 1" id="8b6dc179-6886-4af8-af86-6cc8cb5e517d" method="POST"><con:settings/><con:parameters/><con:request name="prod_pricing" id="9e73e0a0-2da7-4a4b-8fd3-65cb3a859805" mediaType="application/json" postQueryString="false"><con:settings><con:setting id="com.eviware.soapui.impl.wsdl.WsdlRequest@request-headers">&lt;xml-fragment xmlns:con="http://eviware.com/soapui/config">
  &lt;con:entry key="x-fnma-channel" value="web"/>
  &lt;con:entry key="x-fnma-sub-channel" value="MBSP"/>
  &lt;con:entry key="x-fnma-sessionid" value=""/>
&lt;/xml-fragment></con:setting></con:settings><con:endpoint>https://api.fanniemae.com/fmnapi</con:endpoint><con:request>[
 {
   "buySellIndicator": "Buy",
   "effectiveDate": "2017-09-14",
   "marketTermType": 360,
   "passThroughRate": 3,
   "productId": {
      "identifier": 0,
      "sourceType": "PU",
      "type": "MBS"
   },
   "productNameCode": "FN30",
   "settlementDate": "2017-11-13"
},
 {
   "buySellIndicator": "Buy",
   "effectiveDate": "2017-09-14",
   "marketTermType": 360,
   "passThroughRate": 3,
   "productId": {
      "identifier": 0,
      "sourceType": "PU",
      "type": "MBS"
   },
   "productNameCode": "FN30",
   "settlementDate": "2017-12-13"
},
 {
   "buySellIndicator": "Buy",
   "effectiveDate": "2017-09-14",
   "marketTermType": 360,
   "passThroughRate": 3,
   "productId": {
      "identifier": 0,
      "sourceType": "PU",
      "type": "MBS"
   },
   "productNameCode": "FN30",
   "settlementDate": "2018-01-11"
},
 {
   "buySellIndicator": "Buy",
   "effectiveDate": "2017-09-14",
   "marketTermType": 360,
   "passThroughRate": 3,
   "productId": {
      "identifier": 0,
      "sourceType": "PU",
      "type": "MBS"
   },
   "productNameCode": "FN30",
   "settlementDate": "2018-02-13"
},
 {
   "buySellIndicator": "Buy",
   "effectiveDate": "2017-09-14",
   "marketTermType": 360,
   "passThroughRate": 3,
   "productId": {
      "identifier": 0,
      "sourceType": "PU",
      "type": "MBS"
   },
   "productNameCode": "FN30",
   "settlementDate": "2018-03-13"
},
 {
   "buySellIndicator": "Buy",
   "effectiveDate": "2017-09-14",
   "marketTermType": 360,
   "passThroughRate": 3,
   "productId": {
      "identifier": 0,
      "sourceType": "PU",
      "type": "MBS"
   },
   "productNameCode": "FN30",
   "settlementDate": "2018-04-12"
},
 {
   "buySellIndicator": "Buy",
   "effectiveDate": "2017-09-14",
   "marketTermType": 360,
   "passThroughRate": 3.5,
   "productId": {
      "identifier": 0,
      "sourceType": "PU",
      "type": "MBS"
   },
   "productNameCode": "FN30",
   "settlementDate": "2017-11-13"
},
 {
   "buySellIndicator": "Buy",
   "effectiveDate": "2017-09-14",
   "marketTermType": 360,
   "passThroughRate": 3.5,
   "productId": {
      "identifier": 0,
      "sourceType": "PU",
      "type": "MBS"
   },
   "productNameCode": "FN30",
   "settlementDate": "2017-12-13"
},
 {
   "buySellIndicator": "Buy",
   "effectiveDate": "2017-09-14",
   "marketTermType": 360,
   "passThroughRate": 3.5,
   "productId": {
      "identifier": 0,
      "sourceType": "PU",
      "type": "MBS"
   },
   "productNameCode": "FN30",
   "settlementDate": "2018-01-11"
},
 {
   "buySellIndicator": "Buy",
   "effectiveDate": "2017-09-14",
   "marketTermType": 360,
   "passThroughRate": 3.5,
   "productId": {
      "identifier": 0,
      "sourceType": "PU",
      "type": "MBS"
   },
   "productNameCode": "FN30",
   "settlementDate": "2018-02-13"
},
 {
   "buySellIndicator": "Buy",
   "effectiveDate": "2017-09-14",
   "marketTermType": 360,
   "passThroughRate": 3.5,
   "productId": {
      "identifier": 0,
      "sourceType": "PU",
      "type": "MBS"
   },
   "productNameCode": "FN30",
   "settlementDate": "2018-03-13"
},
 {
   "buySellIndicator": "Buy",
   "effectiveDate": "2017-09-14",
   "marketTermType": 360,
   "passThroughRate": 3.5,
   "productId": {
      "identifier": 0,
      "sourceType": "PU",
      "type": "MBS"
   },
   "productNameCode": "FN30",
   "settlementDate": "2018-04-12"
},
 {
   "buySellIndicator": "Buy",
   "effectiveDate": "2017-09-14",
   "marketTermType": 360,
   "passThroughRate": 4,
   "productId": {
      "identifier": 0,
      "sourceType": "PU",
      "type": "MBS"
   },
   "productNameCode": "FN30",
   "settlementDate": "2017-11-13"
},
 {
   "buySellIndicator": "Buy",
   "effectiveDate": "2017-09-14",
   "marketTermType": 360,
   "passThroughRate": 4,
   "productId": {
      "identifier": 0,
      "sourceType": "PU",
      "type": "MBS"
   },
   "productNameCode": "FN30",
   "settlementDate": "2017-12-13"
},
 {
   "buySellIndicator": "Buy",
   "effectiveDate": "2017-09-14",
   "marketTermType": 360,
   "passThroughRate": 4,
   "productId": {
      "identifier": 0,
      "sourceType": "PU",
      "type": "MBS"
   },
   "productNameCode": "FN30",
   "settlementDate": "2018-01-11"
},
 {
   "buySellIndicator": "Buy",
   "effectiveDate": "2017-09-14",
   "marketTermType": 360,
   "passThroughRate": 4,
   "productId": {
      "identifier": 0,
      "sourceType": "PU",
      "type": "MBS"
   },
   "productNameCode": "FN30",
   "settlementDate": "2018-02-13"
},
 {
   "buySellIndicator": "Buy",
   "effectiveDate": "2017-09-14",
   "marketTermType": 360,
   "passThroughRate": 4,
   "productId": {
      "identifier": 0,
      "sourceType": "PU",
      "type": "MBS"
   },
   "productNameCode": "FN30",
   "settlementDate": "2018-03-13"
},
 {
   "buySellIndicator": "Buy",
   "effectiveDate": "2017-09-14",
   "marketTermType": 360,
   "passThroughRate": 4,
   "productId": {
      "identifier": 0,
      "sourceType": "PU",
      "type": "MBS"
   },
   "productNameCode": "FN30",
   "settlementDate": "2018-04-12"
},
 {
   "buySellIndicator": "Buy",
   "effectiveDate": "2017-09-14",
   "marketTermType": 360,
   "passThroughRate": 4.5,
   "productId": {
      "identifier": 0,
      "sourceType": "PU",
      "type": "MBS"
   },
   "productNameCode": "FN30",
   "settlementDate": "2017-11-13"
},
 {
   "buySellIndicator": "Buy",
   "effectiveDate": "2017-09-14",
   "marketTermType": 360,
   "passThroughRate": 4.5,
   "productId": {
      "identifier": 0,
      "sourceType": "PU",
      "type": "MBS"
   },
   "productNameCode": "FN30",
   "settlementDate": "2017-12-13"
},
 {
   "buySellIndicator": "Buy",
   "effectiveDate": "2017-09-14",
   "marketTermType": 360,
   "passThroughRate": 4.5,
   "productId": {
      "identifier": 0,
      "sourceType": "PU",
      "type": "MBS"
   },
   "productNameCode": "FN30",
   "settlementDate": "2018-01-11"
},
 {
   "buySellIndicator": "Buy",
   "effectiveDate": "2017-09-14",
   "marketTermType": 360,
   "passThroughRate": 4.5,
   "productId": {
      "identifier": 0,
      "sourceType": "PU",
      "type": "MBS"
   },
   "productNameCode": "FN30",
   "settlementDate": "2018-02-13"
},
 {
   "buySellIndicator": "Buy",
   "effectiveDate": "2017-09-14",
   "marketTermType": 360,
   "passThroughRate": 4.5,
   "productId": {
      "identifier": 0,
      "sourceType": "PU",
      "type": "MBS"
   },
   "productNameCode": "FN30",
   "settlementDate": "2018-03-13"
},
 {
   "buySellIndicator": "Buy",
   "effectiveDate": "2017-09-14",
   "marketTermType": 360,
   "passThroughRate": 4.5,
   "productId": {
      "identifier": 0,
      "sourceType": "PU",
      "type": "MBS"
   },
   "productNameCode": "FN30",
   "settlementDate": "2018-04-12"
},
 {
   "buySellIndicator": "Buy",
   "effectiveDate": "2017-09-14",
   "marketTermType": 180,
   "passThroughRate": 2,
   "productId": {
      "identifier": 1,
      "sourceType": "PU",
      "type": "MBS"
   },
   "productNameCode": "FN15",
   "settlementDate": "2017-11-16"
},
 {
   "buySellIndicator": "Buy",
   "effectiveDate": "2017-09-14",
   "marketTermType": 180,
   "passThroughRate": 2,
   "productId": {
      "identifier": 1,
      "sourceType": "PU",
      "type": "MBS"
   },
   "productNameCode": "FN15",
   "settlementDate": "2017-12-18"
},
 {
   "buySellIndicator": "Buy",
   "effectiveDate": "2017-09-14",
   "marketTermType": 180,
   "passThroughRate": 2,
   "productId": {
      "identifier": 1,
      "sourceType": "PU",
      "type": "MBS"
   },
   "productNameCode": "FN15",
   "settlementDate": "2018-01-17"
},
 {
   "buySellIndicator": "Buy",
   "effectiveDate": "2017-09-14",
   "marketTermType": 180,
   "passThroughRate": 2,
   "productId": {
      "identifier": 1,
      "sourceType": "PU",
      "type": "MBS"
   },
   "productNameCode": "FN15",
   "settlementDate": "2018-02-15"
},
 {
   "buySellIndicator": "Buy",
   "effectiveDate": "2017-09-14",
   "marketTermType": 180,
   "passThroughRate": 2,
   "productId": {
      "identifier": 1,
      "sourceType": "PU",
      "type": "MBS"
   },
   "productNameCode": "FN15",
   "settlementDate": "2018-03-15"
},
 {
   "buySellIndicator": "Buy",
   "effectiveDate": "2017-09-14",
   "marketTermType": 180,
   "passThroughRate": 2,
   "productId": {
      "identifier": 1,
      "sourceType": "PU",
      "type": "MBS"
   },
   "productNameCode": "FN15",
   "settlementDate": "2018-04-17"
},
 {
   "buySellIndicator": "Buy",
   "effectiveDate": "2017-09-14",
   "marketTermType": 180,
   "passThroughRate": 2.5,
   "productId": {
      "identifier": 1,
      "sourceType": "PU",
      "type": "MBS"
   },
   "productNameCode": "FN15",
   "settlementDate": "2017-11-16"
},
 {
   "buySellIndicator": "Buy",
   "effectiveDate": "2017-09-14",
   "marketTermType": 180,
   "passThroughRate": 2.5,
   "productId": {
      "identifier": 1,
      "sourceType": "PU",
      "type": "MBS"
   },
   "productNameCode": "FN15",
   "settlementDate": "2017-12-18"
},
 {
   "buySellIndicator": "Buy",
   "effectiveDate": "2017-09-14",
   "marketTermType": 180,
   "passThroughRate": 2.5,
   "productId": {
      "identifier": 1,
      "sourceType": "PU",
      "type": "MBS"
   },
   "productNameCode": "FN15",
   "settlementDate": "2018-01-17"
},
 {
   "buySellIndicator": "Buy",
   "effectiveDate": "2017-09-14",
   "marketTermType": 180,
   "passThroughRate": 2.5,
   "productId": {
      "identifier": 1,
      "sourceType": "PU",
      "type": "MBS"
   },
   "productNameCode": "FN15",
   "settlementDate": "2018-02-15"
},
 {
   "buySellIndicator": "Buy",
   "effectiveDate": "2017-09-14",
   "marketTermType": 180,
   "passThroughRate": 2.5,
   "productId": {
      "identifier": 1,
      "sourceType": "PU",
      "type": "MBS"
   },
   "productNameCode": "FN15",
   "settlementDate": "2018-03-15"
},
 {
   "buySellIndicator": "Buy",
   "effectiveDate": "2017-09-14",
   "marketTermType": 180,
   "passThroughRate": 2.5,
   "productId": {
      "identifier": 1,
      "sourceType": "PU",
      "type": "MBS"
   },
   "productNameCode": "FN15",
   "settlementDate": "2018-04-17"
},
 {
   "buySellIndicator": "Buy",
   "effectiveDate": "2017-09-14",
   "marketTermType": 180,
   "passThroughRate": 3,
   "productId": {
      "identifier": 1,
      "sourceType": "PU",
      "type": "MBS"
   },
   "productNameCode": "FN15",
   "settlementDate": "2017-11-16"
},
 {
   "buySellIndicator": "Buy",
   "effectiveDate": "2017-09-14",
   "marketTermType": 180,
   "passThroughRate": 3,
   "productId": {
      "identifier": 1,
      "sourceType": "PU",
      "type": "MBS"
   },
   "productNameCode": "FN15",
   "settlementDate": "2017-12-18"
},
 {
   "buySellIndicator": "Buy",
   "effectiveDate": "2017-09-14",
   "marketTermType": 180,
   "passThroughRate": 3,
   "productId": {
      "identifier": 1,
      "sourceType": "PU",
      "type": "MBS"
   },
   "productNameCode": "FN15",
   "settlementDate": "2018-01-17"
},
 {
   "buySellIndicator": "Buy",
   "effectiveDate": "2017-09-14",
   "marketTermType": 180,
   "passThroughRate": 3,
   "productId": {
      "identifier": 1,
      "sourceType": "PU",
      "type": "MBS"
   },
   "productNameCode": "FN15",
   "settlementDate": "2018-02-15"
},
 {
   "buySellIndicator": "Buy",
   "effectiveDate": "2017-09-14",
   "marketTermType": 180,
   "passThroughRate": 3,
   "productId": {
      "identifier": 1,
      "sourceType": "PU",
      "type": "MBS"
   },
   "productNameCode": "FN15",
   "settlementDate": "2018-03-15"
},
 {
   "buySellIndicator": "Buy",
   "effectiveDate": "2017-09-14",
   "marketTermType": 180,
   "passThroughRate": 3,
   "productId": {
      "identifier": 1,
      "sourceType": "PU",
      "type": "MBS"
   },
   "productNameCode": "FN15",
   "settlementDate": "2018-04-17"
},
 {
   "buySellIndicator": "Buy",
   "effectiveDate": "2017-09-14",
   "marketTermType": 180,
   "passThroughRate": 3.5,
   "productId": {
      "identifier": 1,
      "sourceType": "PU",
      "type": "MBS"
   },
   "productNameCode": "FN15",
   "settlementDate": "2017-11-16"
},
 {
   "buySellIndicator": "Buy",
   "effectiveDate": "2017-09-14",
   "marketTermType": 180,
   "passThroughRate": 3.5,
   "productId": {
      "identifier": 1,
      "sourceType": "PU",
      "type": "MBS"
   },
   "productNameCode": "FN15",
   "settlementDate": "2017-12-18"
},
 {
   "buySellIndicator": "Buy",
   "effectiveDate": "2017-09-14",
   "marketTermType": 180,
   "passThroughRate": 3.5,
   "productId": {
      "identifier": 1,
      "sourceType": "PU",
      "type": "MBS"
   },
   "productNameCode": "FN15",
   "settlementDate": "2018-01-17"
},
 {
   "buySellIndicator": "Buy",
   "effectiveDate": "2017-09-14",
   "marketTermType": 180,
   "passThroughRate": 3.5,
   "productId": {
      "identifier": 1,
      "sourceType": "PU",
      "type": "MBS"
   },
   "productNameCode": "FN15",
   "settlementDate": "2018-02-15"
},
 {
   "buySellIndicator": "Buy",
   "effectiveDate": "2017-09-14",
   "marketTermType": 180,
   "passThroughRate": 3.5,
   "productId": {
      "identifier": 1,
      "sourceType": "PU",
      "type": "MBS"
   },
   "productNameCode": "FN15",
   "settlementDate": "2018-03-15"
},
 {
   "buySellIndicator": "Buy",
   "effectiveDate": "2017-09-14",
   "marketTermType": 180,
   "passThroughRate": 3.5,
   "productId": {
      "identifier": 1,
      "sourceType": "PU",
      "type": "MBS"
   },
   "productNameCode": "FN15",
   "settlementDate": "2018-04-17"
},
 {
   "buySellIndicator": "Buy",
   "effectiveDate": "2017-09-14",
   "marketTermType": 180,
   "passThroughRate": 4,
   "productId": {
      "identifier": 1,
      "sourceType": "PU",
      "type": "MBS"
   },
   "productNameCode": "FN15",
   "settlementDate": "2017-11-16"
},
 {
   "buySellIndicator": "Buy",
   "effectiveDate": "2017-09-14",
   "marketTermType": 180,
   "passThroughRate": 4,
   "productId": {
      "identifier": 1,
      "sourceType": "PU",
      "type": "MBS"
   },
   "productNameCode": "FN15",
   "settlementDate": "2017-12-18"
},
 {
   "buySellIndicator": "Buy",
   "effectiveDate": "2017-09-14",
   "marketTermType": 180,
   "passThroughRate": 4,
   "productId": {
      "identifier": 1,
      "sourceType": "PU",
      "type": "MBS"
   },
   "productNameCode": "FN15",
   "settlementDate": "2018-01-17"
},
 {
   "buySellIndicator": "Buy",
   "effectiveDate": "2017-09-14",
   "marketTermType": 180,
   "passThroughRate": 4,
   "productId": {
      "identifier": 1,
      "sourceType": "PU",
      "type": "MBS"
   },
   "productNameCode": "FN15",
   "settlementDate": "2018-02-15"
},
 {
   "buySellIndicator": "Buy",
   "effectiveDate": "2017-09-14",
   "marketTermType": 180,
   "passThroughRate": 4,
   "productId": {
      "identifier": 1,
      "sourceType": "PU",
      "type": "MBS"
   },
   "productNameCode": "FN15",
   "settlementDate": "2018-03-15"
},
 {
   "buySellIndicator": "Buy",
   "effectiveDate": "2017-09-14",
   "marketTermType": 180,
   "passThroughRate": 4,
   "productId": {
      "identifier": 1,
      "sourceType": "PU",
      "type": "MBS"
   },
   "productNameCode": "FN15",
   "settlementDate": "2018-04-17"
},
 {
   "buySellIndicator": "Buy",
   "effectiveDate": "2017-09-14",
   "marketTermType": 360,
   "passThroughRate": 3,
   "productId": {
      "identifier": 2,
      "sourceType": "PU",
      "type": "MBS"
   },
   "productNameCode": "PC30",
   "settlementDate": "2017-11-13"
},
 {
   "buySellIndicator": "Buy",
   "effectiveDate": "2017-09-14",
   "marketTermType": 360,
   "passThroughRate": 3,
   "productId": {
      "identifier": 2,
      "sourceType": "PU",
      "type": "MBS"
   },
   "productNameCode": "PC30",
   "settlementDate": "2017-12-13"
},
 {
   "buySellIndicator": "Buy",
   "effectiveDate": "2017-09-14",
   "marketTermType": 360,
   "passThroughRate": 3,
   "productId": {
      "identifier": 2,
      "sourceType": "PU",
      "type": "MBS"
   },
   "productNameCode": "PC30",
   "settlementDate": "2018-01-11"
},
 {
   "buySellIndicator": "Buy",
   "effectiveDate": "2017-09-14",
   "marketTermType": 360,
   "passThroughRate": 3,
   "productId": {
      "identifier": 2,
      "sourceType": "PU",
      "type": "MBS"
   },
   "productNameCode": "PC30",
   "settlementDate": "2018-02-13"
},
 {
   "buySellIndicator": "Buy",
   "effectiveDate": "2017-09-14",
   "marketTermType": 360,
   "passThroughRate": 3,
   "productId": {
      "identifier": 2,
      "sourceType": "PU",
      "type": "MBS"
   },
   "productNameCode": "PC30",
   "settlementDate": "2018-03-13"
},
 {
   "buySellIndicator": "Buy",
   "effectiveDate": "2017-09-14",
   "marketTermType": 360,
   "passThroughRate": 3,
   "productId": {
      "identifier": 2,
      "sourceType": "PU",
      "type": "MBS"
   },
   "productNameCode": "PC30",
   "settlementDate": "2018-04-12"
},
 {
   "buySellIndicator": "Buy",
   "effectiveDate": "2017-09-14",
   "marketTermType": 360,
   "passThroughRate": 3.5,
   "productId": {
      "identifier": 2,
      "sourceType": "PU",
      "type": "MBS"
   },
   "productNameCode": "PC30",
   "settlementDate": "2017-11-13"
},
 {
   "buySellIndicator": "Buy",
   "effectiveDate": "2017-09-14",
   "marketTermType": 360,
   "passThroughRate": 3.5,
   "productId": {
      "identifier": 2,
      "sourceType": "PU",
      "type": "MBS"
   },
   "productNameCode": "PC30",
   "settlementDate": "2017-12-13"
},
 {
   "buySellIndicator": "Buy",
   "effectiveDate": "2017-09-14",
   "marketTermType": 360,
   "passThroughRate": 3.5,
   "productId": {
      "identifier": 2,
      "sourceType": "PU",
      "type": "MBS"
   },
   "productNameCode": "PC30",
   "settlementDate": "2018-01-11"
},
 {
   "buySellIndicator": "Buy",
   "effectiveDate": "2017-09-14",
   "marketTermType": 360,
   "passThroughRate": 3.5,
   "productId": {
      "identifier": 2,
      "sourceType": "PU",
      "type": "MBS"
   },
   "productNameCode": "PC30",
   "settlementDate": "2018-02-13"
},
 {
   "buySellIndicator": "Buy",
   "effectiveDate": "2017-09-14",
   "marketTermType": 360,
   "passThroughRate": 3.5,
   "productId": {
      "identifier": 2,
      "sourceType": "PU",
      "type": "MBS"
   },
   "productNameCode": "PC30",
   "settlementDate": "2018-03-13"
},
 {
   "buySellIndicator": "Buy",
   "effectiveDate": "2017-09-14",
   "marketTermType": 360,
   "passThroughRate": 3.5,
   "productId": {
      "identifier": 2,
      "sourceType": "PU",
      "type": "MBS"
   },
   "productNameCode": "PC30",
   "settlementDate": "2018-04-12"
},
 {
   "buySellIndicator": "Buy",
   "effectiveDate": "2017-09-14",
   "marketTermType": 360,
   "passThroughRate": 4,
   "productId": {
      "identifier": 2,
      "sourceType": "PU",
      "type": "MBS"
   },
   "productNameCode": "PC30",
   "settlementDate": "2017-11-13"
},
 {
   "buySellIndicator": "Buy",
   "effectiveDate": "2017-09-14",
   "marketTermType": 360,
   "passThroughRate": 4,
   "productId": {
      "identifier": 2,
      "sourceType": "PU",
      "type": "MBS"
   },
   "productNameCode": "PC30",
   "settlementDate": "2017-12-13"
},
 {
   "buySellIndicator": "Buy",
   "effectiveDate": "2017-09-14",
   "marketTermType": 360,
   "passThroughRate": 4,
   "productId": {
      "identifier": 2,
      "sourceType": "PU",
      "type": "MBS"
   },
   "productNameCode": "PC30",
   "settlementDate": "2018-01-11"
},
 {
   "buySellIndicator": "Buy",
   "effectiveDate": "2017-09-14",
   "marketTermType": 360,
   "passThroughRate": 4,
   "productId": {
      "identifier": 2,
      "sourceType": "PU",
      "type": "MBS"
   },
   "productNameCode": "PC30",
   "settlementDate": "2018-02-13"
},
 {
   "buySellIndicator": "Buy",
   "effectiveDate": "2017-09-14",
   "marketTermType": 360,
   "passThroughRate": 4,
   "productId": {
      "identifier": 2,
      "sourceType": "PU",
      "type": "MBS"
   },
   "productNameCode": "PC30",
   "settlementDate": "2018-03-13"
},
 {
   "buySellIndicator": "Buy",
   "effectiveDate": "2017-09-14",
   "marketTermType": 360,
   "passThroughRate": 4,
   "productId": {
      "identifier": 2,
      "sourceType": "PU",
      "type": "MBS"
   },
   "productNameCode": "PC30",
   "settlementDate": "2018-04-12"
},
 {
   "buySellIndicator": "Buy",
   "effectiveDate": "2017-09-14",
   "marketTermType": 360,
   "passThroughRate": 4.5,
   "productId": {
      "identifier": 2,
      "sourceType": "PU",
      "type": "MBS"
   },
   "productNameCode": "PC30",
   "settlementDate": "2017-11-13"
},
 {
   "buySellIndicator": "Buy",
   "effectiveDate": "2017-09-14",
   "marketTermType": 360,
   "passThroughRate": 4.5,
   "productId": {
      "identifier": 2,
      "sourceType": "PU",
      "type": "MBS"
   },
   "productNameCode": "PC30",
   "settlementDate": "2017-12-13"
},
 {
   "buySellIndicator": "Buy",
   "effectiveDate": "2017-09-14",
   "marketTermType": 360,
   "passThroughRate": 4.5,
   "productId": {
      "identifier": 2,
      "sourceType": "PU",
      "type": "MBS"
   },
   "productNameCode": "PC30",
   "settlementDate": "2018-01-11"
},
 {
   "buySellIndicator": "Buy",
   "effectiveDate": "2017-09-14",
   "marketTermType": 360,
   "passThroughRate": 4.5,
   "productId": {
      "identifier": 2,
      "sourceType": "PU",
      "type": "MBS"
   },
   "productNameCode": "PC30",
   "settlementDate": "2018-02-13"
},
 {
   "buySellIndicator": "Buy",
   "effectiveDate": "2017-09-14",
   "marketTermType": 360,
   "passThroughRate": 4.5,
   "productId": {
      "identifier": 2,
      "sourceType": "PU",
      "type": "MBS"
   },
   "productNameCode": "PC30",
   "settlementDate": "2018-03-13"
},
 {
   "buySellIndicator": "Buy",
   "effectiveDate": "2017-09-14",
   "marketTermType": 360,
   "passThroughRate": 4.5,
   "productId": {
      "identifier": 2,
      "sourceType": "PU",
      "type": "MBS"
   },
   "productNameCode": "PC30",
   "settlementDate": "2018-04-12"
},
 {
   "buySellIndicator": "Buy",
   "effectiveDate": "2017-09-14",
   "marketTermType": 180,
   "passThroughRate": 2,
   "productId": {
      "identifier": 3,
      "sourceType": "PU",
      "type": "MBS"
   },
   "productNameCode": "PC15",
   "settlementDate": "2017-11-16"
},
 {
   "buySellIndicator": "Buy",
   "effectiveDate": "2017-09-14",
   "marketTermType": 180,
   "passThroughRate": 2,
   "productId": {
      "identifier": 3,
      "sourceType": "PU",
      "type": "MBS"
   },
   "productNameCode": "PC15",
   "settlementDate": "2017-12-18"
},
 {
   "buySellIndicator": "Buy",
   "effectiveDate": "2017-09-14",
   "marketTermType": 180,
   "passThroughRate": 2,
   "productId": {
      "identifier": 3,
      "sourceType": "PU",
      "type": "MBS"
   },
   "productNameCode": "PC15",
   "settlementDate": "2018-01-17"
},
 {
   "buySellIndicator": "Buy",
   "effectiveDate": "2017-09-14",
   "marketTermType": 180,
   "passThroughRate": 2,
   "productId": {
      "identifier": 3,
      "sourceType": "PU",
      "type": "MBS"
   },
   "productNameCode": "PC15",
   "settlementDate": "2018-02-15"
},
 {
   "buySellIndicator": "Buy",
   "effectiveDate": "2017-09-14",
   "marketTermType": 180,
   "passThroughRate": 2,
   "productId": {
      "identifier": 3,
      "sourceType": "PU",
      "type": "MBS"
   },
   "productNameCode": "PC15",
   "settlementDate": "2018-03-15"
},
 {
   "buySellIndicator": "Buy",
   "effectiveDate": "2017-09-14",
   "marketTermType": 180,
   "passThroughRate": 2,
   "productId": {
      "identifier": 3,
      "sourceType": "PU",
      "type": "MBS"
   },
   "productNameCode": "PC15",
   "settlementDate": "2018-04-17"
},
 {
   "buySellIndicator": "Buy",
   "effectiveDate": "2017-09-14",
   "marketTermType": 180,
   "passThroughRate": 2.5,
   "productId": {
      "identifier": 3,
      "sourceType": "PU",
      "type": "MBS"
   },
   "productNameCode": "PC15",
   "settlementDate": "2017-11-16"
},
 {
   "buySellIndicator": "Buy",
   "effectiveDate": "2017-09-14",
   "marketTermType": 180,
   "passThroughRate": 2.5,
   "productId": {
      "identifier": 3,
      "sourceType": "PU",
      "type": "MBS"
   },
   "productNameCode": "PC15",
   "settlementDate": "2017-12-18"
},
 {
   "buySellIndicator": "Buy",
   "effectiveDate": "2017-09-14",
   "marketTermType": 180,
   "passThroughRate": 2.5,
   "productId": {
      "identifier": 3,
      "sourceType": "PU",
      "type": "MBS"
   },
   "productNameCode": "PC15",
   "settlementDate": "2018-01-17"
},
 {
   "buySellIndicator": "Buy",
   "effectiveDate": "2017-09-14",
   "marketTermType": 180,
   "passThroughRate": 2.5,
   "productId": {
      "identifier": 3,
      "sourceType": "PU",
      "type": "MBS"
   },
   "productNameCode": "PC15",
   "settlementDate": "2018-02-15"
},
 {
   "buySellIndicator": "Buy",
   "effectiveDate": "2017-09-14",
   "marketTermType": 180,
   "passThroughRate": 2.5,
   "productId": {
      "identifier": 3,
      "sourceType": "PU",
      "type": "MBS"
   },
   "productNameCode": "PC15",
   "settlementDate": "2018-03-15"
},
 {
   "buySellIndicator": "Buy",
   "effectiveDate": "2017-09-14",
   "marketTermType": 180,
   "passThroughRate": 2.5,
   "productId": {
      "identifier": 3,
      "sourceType": "PU",
      "type": "MBS"
   },
   "productNameCode": "PC15",
   "settlementDate": "2018-04-17"
},
 {
   "buySellIndicator": "Buy",
   "effectiveDate": "2017-09-14",
   "marketTermType": 180,
   "passThroughRate": 3,
   "productId": {
      "identifier": 3,
      "sourceType": "PU",
      "type": "MBS"
   },
   "productNameCode": "PC15",
   "settlementDate": "2017-11-16"
},
 {
   "buySellIndicator": "Buy",
   "effectiveDate": "2017-09-14",
   "marketTermType": 180,
   "passThroughRate": 3,
   "productId": {
      "identifier": 3,
      "sourceType": "PU",
      "type": "MBS"
   },
   "productNameCode": "PC15",
   "settlementDate": "2017-12-18"
},
 {
   "buySellIndicator": "Buy",
   "effectiveDate": "2017-09-14",
   "marketTermType": 180,
   "passThroughRate": 3,
   "productId": {
      "identifier": 3,
      "sourceType": "PU",
      "type": "MBS"
   },
   "productNameCode": "PC15",
   "settlementDate": "2018-01-17"
},
 {
   "buySellIndicator": "Buy",
   "effectiveDate": "2017-09-14",
   "marketTermType": 180,
   "passThroughRate": 3,
   "productId": {
      "identifier": 3,
      "sourceType": "PU",
      "type": "MBS"
   },
   "productNameCode": "PC15",
   "settlementDate": "2018-02-15"
},
 {
   "buySellIndicator": "Buy",
   "effectiveDate": "2017-09-14",
   "marketTermType": 180,
   "passThroughRate": 3,
   "productId": {
      "identifier": 3,
      "sourceType": "PU",
      "type": "MBS"
   },
   "productNameCode": "PC15",
   "settlementDate": "2018-03-15"
},
 {
   "buySellIndicator": "Buy",
   "effectiveDate": "2017-09-14",
   "marketTermType": 180,
   "passThroughRate": 3,
   "productId": {
      "identifier": 3,
      "sourceType": "PU",
      "type": "MBS"
   },
   "productNameCode": "PC15",
   "settlementDate": "2018-04-17"
},
 {
   "buySellIndicator": "Buy",
   "effectiveDate": "2017-09-14",
   "marketTermType": 180,
   "passThroughRate": 3.5,
   "productId": {
      "identifier": 3,
      "sourceType": "PU",
      "type": "MBS"
   },
   "productNameCode": "PC15",
   "settlementDate": "2017-11-16"
},
 {
   "buySellIndicator": "Buy",
   "effectiveDate": "2017-09-14",
   "marketTermType": 180,
   "passThroughRate": 3.5,
   "productId": {
      "identifier": 3,
      "sourceType": "PU",
      "type": "MBS"
   },
   "productNameCode": "PC15",
   "settlementDate": "2017-12-18"
},
 {
   "buySellIndicator": "Buy",
   "effectiveDate": "2017-09-14",
   "marketTermType": 180,
   "passThroughRate": 3.5,
   "productId": {
      "identifier": 3,
      "sourceType": "PU",
      "type": "MBS"
   },
   "productNameCode": "PC15",
   "settlementDate": "2018-01-17"
},
 {
   "buySellIndicator": "Buy",
   "effectiveDate": "2017-09-14",
   "marketTermType": 180,
   "passThroughRate": 3.5,
   "productId": {
      "identifier": 3,
      "sourceType": "PU",
      "type": "MBS"
   },
   "productNameCode": "PC15",
   "settlementDate": "2018-02-15"
},
 {
   "buySellIndicator": "Buy",
   "effectiveDate": "2017-09-14",
   "marketTermType": 180,
   "passThroughRate": 3.5,
   "productId": {
      "identifier": 3,
      "sourceType": "PU",
      "type": "MBS"
   },
   "productNameCode": "PC15",
   "settlementDate": "2018-03-15"
},
 {
   "buySellIndicator": "Buy",
   "effectiveDate": "2017-09-14",
   "marketTermType": 180,
   "passThroughRate": 3.5,
   "productId": {
      "identifier": 3,
      "sourceType": "PU",
      "type": "MBS"
   },
   "productNameCode": "PC15",
   "settlementDate": "2018-04-17"
},
 {
   "buySellIndicator": "Buy",
   "effectiveDate": "2017-09-14",
   "marketTermType": 180,
   "passThroughRate": 4,
   "productId": {
      "identifier": 3,
      "sourceType": "PU",
      "type": "MBS"
   },
   "productNameCode": "PC15",
   "settlementDate": "2017-11-16"
},
 {
   "buySellIndicator": "Buy",
   "effectiveDate": "2017-09-14",
   "marketTermType": 180,
   "passThroughRate": 4,
   "productId": {
      "identifier": 3,
      "sourceType": "PU",
      "type": "MBS"
   },
   "productNameCode": "PC15",
   "settlementDate": "2017-12-18"
},
 {
   "buySellIndicator": "Buy",
   "effectiveDate": "2017-09-14",
   "marketTermType": 180,
   "passThroughRate": 4,
   "productId": {
      "identifier": 3,
      "sourceType": "PU",
      "type": "MBS"
   },
   "productNameCode": "PC15",
   "settlementDate": "2018-01-17"
},
 {
   "buySellIndicator": "Buy",
   "effectiveDate": "2017-09-14",
   "marketTermType": 180,
   "passThroughRate": 4,
   "productId": {
      "identifier": 3,
      "sourceType": "PU",
      "type": "MBS"
   },
   "productNameCode": "PC15",
   "settlementDate": "2018-02-15"
},
 {
   "buySellIndicator": "Buy",
   "effectiveDate": "2017-09-14",
   "marketTermType": 180,
   "passThroughRate": 4,
   "productId": {
      "identifier": 3,
      "sourceType": "PU",
      "type": "MBS"
   },
   "productNameCode": "PC15",
   "settlementDate": "2018-03-15"
},
 {
   "buySellIndicator": "Buy",
   "effectiveDate": "2017-09-14",
   "marketTermType": 180,
   "passThroughRate": 4,
   "productId": {
      "identifier": 3,
      "sourceType": "PU",
      "type": "MBS"
   },
   "productNameCode": "PC15",
   "settlementDate": "2018-04-17"
},
 {
   "buySellIndicator": "Buy",
   "effectiveDate": "2017-09-14",
   "marketTermType": 360,
   "passThroughRate": 3,
   "productId": {
      "identifier": 4,
      "sourceType": "PU",
      "type": "MBS"
   },
   "productNameCode": "GN30",
   "settlementDate": "2017-11-20"
},
 {
   "buySellIndicator": "Buy",
   "effectiveDate": "2017-09-14",
   "marketTermType": 360,
   "passThroughRate": 3,
   "productId": {
      "identifier": 4,
      "sourceType": "PU",
      "type": "MBS"
   },
   "productNameCode": "GN30",
   "settlementDate": "2017-12-20"
},
 {
   "buySellIndicator": "Buy",
   "effectiveDate": "2017-09-14",
   "marketTermType": 360,
   "passThroughRate": 3,
   "productId": {
      "identifier": 4,
      "sourceType": "PU",
      "type": "MBS"
   },
   "productNameCode": "GN30",
   "settlementDate": "2018-01-22"
},
 {
   "buySellIndicator": "Buy",
   "effectiveDate": "2017-09-14",
   "marketTermType": 360,
   "passThroughRate": 3,
   "productId": {
      "identifier": 4,
      "sourceType": "PU",
      "type": "MBS"
   },
   "productNameCode": "GN30",
   "settlementDate": "2018-02-21"
},
 {
   "buySellIndicator": "Buy",
   "effectiveDate": "2017-09-14",
   "marketTermType": 360,
   "passThroughRate": 3,
   "productId": {
      "identifier": 4,
      "sourceType": "PU",
      "type": "MBS"
   },
   "productNameCode": "GN30",
   "settlementDate": "2018-03-20"
},
 {
   "buySellIndicator": "Buy",
   "effectiveDate": "2017-09-14",
   "marketTermType": 360,
   "passThroughRate": 3,
   "productId": {
      "identifier": 4,
      "sourceType": "PU",
      "type": "MBS"
   },
   "productNameCode": "GN30",
   "settlementDate": "2018-04-19"
},
 {
   "buySellIndicator": "Buy",
   "effectiveDate": "2017-09-14",
   "marketTermType": 360,
   "passThroughRate": 3.5,
   "productId": {
      "identifier": 4,
      "sourceType": "PU",
      "type": "MBS"
   },
   "productNameCode": "GN30",
   "settlementDate": "2017-11-20"
},
 {
   "buySellIndicator": "Buy",
   "effectiveDate": "2017-09-14",
   "marketTermType": 360,
   "passThroughRate": 3.5,
   "productId": {
      "identifier": 4,
      "sourceType": "PU",
      "type": "MBS"
   },
   "productNameCode": "GN30",
   "settlementDate": "2017-12-20"
},
 {
   "buySellIndicator": "Buy",
   "effectiveDate": "2017-09-14",
   "marketTermType": 360,
   "passThroughRate": 3.5,
   "productId": {
      "identifier": 4,
      "sourceType": "PU",
      "type": "MBS"
   },
   "productNameCode": "GN30",
   "settlementDate": "2018-01-22"
},
 {
   "buySellIndicator": "Buy",
   "effectiveDate": "2017-09-14",
   "marketTermType": 360,
   "passThroughRate": 3.5,
   "productId": {
      "identifier": 4,
      "sourceType": "PU",
      "type": "MBS"
   },
   "productNameCode": "GN30",
   "settlementDate": "2018-02-21"
},
 {
   "buySellIndicator": "Buy",
   "effectiveDate": "2017-09-14",
   "marketTermType": 360,
   "passThroughRate": 3.5,
   "productId": {
      "identifier": 4,
      "sourceType": "PU",
      "type": "MBS"
   },
   "productNameCode": "GN30",
   "settlementDate": "2018-03-20"
},
 {
   "buySellIndicator": "Buy",
   "effectiveDate": "2017-09-14",
   "marketTermType": 360,
   "passThroughRate": 3.5,
   "productId": {
      "identifier": 4,
      "sourceType": "PU",
      "type": "MBS"
   },
   "productNameCode": "GN30",
   "settlementDate": "2018-04-19"
},
 {
   "buySellIndicator": "Buy",
   "effectiveDate": "2017-09-14",
   "marketTermType": 360,
   "passThroughRate": 4,
   "productId": {
      "identifier": 4,
      "sourceType": "PU",
      "type": "MBS"
   },
   "productNameCode": "GN30",
   "settlementDate": "2017-11-20"
},
 {
   "buySellIndicator": "Buy",
   "effectiveDate": "2017-09-14",
   "marketTermType": 360,
   "passThroughRate": 4,
   "productId": {
      "identifier": 4,
      "sourceType": "PU",
      "type": "MBS"
   },
   "productNameCode": "GN30",
   "settlementDate": "2017-12-20"
},
 {
   "buySellIndicator": "Buy",
   "effectiveDate": "2017-09-14",
   "marketTermType": 360,
   "passThroughRate": 4,
   "productId": {
      "identifier": 4,
      "sourceType": "PU",
      "type": "MBS"
   },
   "productNameCode": "GN30",
   "settlementDate": "2018-01-22"
},
 {
   "buySellIndicator": "Buy",
   "effectiveDate": "2017-09-14",
   "marketTermType": 360,
   "passThroughRate": 4,
   "productId": {
      "identifier": 4,
      "sourceType": "PU",
      "type": "MBS"
   },
   "productNameCode": "GN30",
   "settlementDate": "2018-02-21"
},
 {
   "buySellIndicator": "Buy",
   "effectiveDate": "2017-09-14",
   "marketTermType": 360,
   "passThroughRate": 4,
   "productId": {
      "identifier": 4,
      "sourceType": "PU",
      "type": "MBS"
   },
   "productNameCode": "GN30",
   "settlementDate": "2018-03-20"
},
 {
   "buySellIndicator": "Buy",
   "effectiveDate": "2017-09-14",
   "marketTermType": 360,
   "passThroughRate": 4,
   "productId": {
      "identifier": 4,
      "sourceType": "PU",
      "type": "MBS"
   },
   "productNameCode": "GN30",
   "settlementDate": "2018-04-19"
},
 {
   "buySellIndicator": "Buy",
   "effectiveDate": "2017-09-14",
   "marketTermType": 360,
   "passThroughRate": 4.5,
   "productId": {
      "identifier": 4,
      "sourceType": "PU",
      "type": "MBS"
   },
   "productNameCode": "GN30",
   "settlementDate": "2017-11-20"
},
 {
   "buySellIndicator": "Buy",
   "effectiveDate": "2017-09-14",
   "marketTermType": 360,
   "passThroughRate": 4.5,
   "productId": {
      "identifier": 4,
      "sourceType": "PU",
      "type": "MBS"
   },
   "productNameCode": "GN30",
   "settlementDate": "2017-12-20"
},
 {
   "buySellIndicator": "Buy",
   "effectiveDate": "2017-09-14",
   "marketTermType": 360,
   "passThroughRate": 4.5,
   "productId": {
      "identifier": 4,
      "sourceType": "PU",
      "type": "MBS"
   },
   "productNameCode": "GN30",
   "settlementDate": "2018-01-22"
},
 {
   "buySellIndicator": "Buy",
   "effectiveDate": "2017-09-14",
   "marketTermType": 360,
   "passThroughRate": 4.5,
   "productId": {
      "identifier": 4,
      "sourceType": "PU",
      "type": "MBS"
   },
   "productNameCode": "GN30",
   "settlementDate": "2018-02-21"
},
 {
   "buySellIndicator": "Buy",
   "effectiveDate": "2017-09-14",
   "marketTermType": 360,
   "passThroughRate": 4.5,
   "productId": {
      "identifier": 4,
      "sourceType": "PU",
      "type": "MBS"
   },
   "productNameCode": "GN30",
   "settlementDate": "2018-03-20"
},
 {
   "buySellIndicator": "Buy",
   "effectiveDate": "2017-09-14",
   "marketTermType": 360,
   "passThroughRate": 4.5,
   "productId": {
      "identifier": 4,
      "sourceType": "PU",
      "type": "MBS"
   },
   "productNameCode": "GN30",
   "settlementDate": "2018-04-19"
},
 {
   "buySellIndicator": "Buy",
   "effectiveDate": "2017-09-14",
   "marketTermType": 360,
   "passThroughRate": 5,
   "productId": {
      "identifier": 4,
      "sourceType": "PU",
      "type": "MBS"
   },
   "productNameCode": "GN30",
   "settlementDate": "2017-11-20"
},
 {
   "buySellIndicator": "Buy",
   "effectiveDate": "2017-09-14",
   "marketTermType": 360,
   "passThroughRate": 5,
   "productId": {
      "identifier": 4,
      "sourceType": "PU",
      "type": "MBS"
   },
   "productNameCode": "GN30",
   "settlementDate": "2017-12-20"
},
 {
   "buySellIndicator": "Buy",
   "effectiveDate": "2017-09-14",
   "marketTermType": 360,
   "passThroughRate": 5,
   "productId": {
      "identifier": 4,
      "sourceType": "PU",
      "type": "MBS"
   },
   "productNameCode": "GN30",
   "settlementDate": "2018-01-22"
},
 {
   "buySellIndicator": "Buy",
   "effectiveDate": "2017-09-14",
   "marketTermType": 360,
   "passThroughRate": 5,
   "productId": {
      "identifier": 4,
      "sourceType": "PU",
      "type": "MBS"
   },
   "productNameCode": "GN30",
   "settlementDate": "2018-02-21"
},
 {
   "buySellIndicator": "Buy",
   "effectiveDate": "2017-09-14",
   "marketTermType": 360,
   "passThroughRate": 5,
   "productId": {
      "identifier": 4,
      "sourceType": "PU",
      "type": "MBS"
   },
   "productNameCode": "GN30",
   "settlementDate": "2018-03-20"
},
 {
   "buySellIndicator": "Buy",
   "effectiveDate": "2017-09-14",
   "marketTermType": 360,
   "passThroughRate": 5,
   "productId": {
      "identifier": 4,
      "sourceType": "PU",
      "type": "MBS"
   },
   "productNameCode": "GN30",
   "settlementDate": "2018-04-19"
},
 {
   "buySellIndicator": "Buy",
   "effectiveDate": "2017-09-14",
   "marketTermType": 360,
   "passThroughRate": 3,
   "productId": {
      "identifier": 5,
      "sourceType": "PU",
      "type": "MBS"
   },
   "productNameCode": "G230",
   "settlementDate": "2017-11-20"
},
 {
   "buySellIndicator": "Buy",
   "effectiveDate": "2017-09-14",
   "marketTermType": 360,
   "passThroughRate": 3,
   "productId": {
      "identifier": 5,
      "sourceType": "PU",
      "type": "MBS"
   },
   "productNameCode": "G230",
   "settlementDate": "2017-12-20"
},
 {
   "buySellIndicator": "Buy",
   "effectiveDate": "2017-09-14",
   "marketTermType": 360,
   "passThroughRate": 3,
   "productId": {
      "identifier": 5,
      "sourceType": "PU",
      "type": "MBS"
   },
   "productNameCode": "G230",
   "settlementDate": "2018-01-22"
},
 {
   "buySellIndicator": "Buy",
   "effectiveDate": "2017-09-14",
   "marketTermType": 360,
   "passThroughRate": 3,
   "productId": {
      "identifier": 5,
      "sourceType": "PU",
      "type": "MBS"
   },
   "productNameCode": "G230",
   "settlementDate": "2018-02-21"
},
 {
   "buySellIndicator": "Buy",
   "effectiveDate": "2017-09-14",
   "marketTermType": 360,
   "passThroughRate": 3,
   "productId": {
      "identifier": 5,
      "sourceType": "PU",
      "type": "MBS"
   },
   "productNameCode": "G230",
   "settlementDate": "2018-03-20"
},
 {
   "buySellIndicator": "Buy",
   "effectiveDate": "2017-09-14",
   "marketTermType": 360,
   "passThroughRate": 3,
   "productId": {
      "identifier": 5,
      "sourceType": "PU",
      "type": "MBS"
   },
   "productNameCode": "G230",
   "settlementDate": "2018-04-19"
},
 {
   "buySellIndicator": "Buy",
   "effectiveDate": "2017-09-14",
   "marketTermType": 360,
   "passThroughRate": 3.5,
   "productId": {
      "identifier": 5,
      "sourceType": "PU",
      "type": "MBS"
   },
   "productNameCode": "G230",
   "settlementDate": "2017-11-20"
},
 {
   "buySellIndicator": "Buy",
   "effectiveDate": "2017-09-14",
   "marketTermType": 360,
   "passThroughRate": 3.5,
   "productId": {
      "identifier": 5,
      "sourceType": "PU",
      "type": "MBS"
   },
   "productNameCode": "G230",
   "settlementDate": "2017-12-20"
},
 {
   "buySellIndicator": "Buy",
   "effectiveDate": "2017-09-14",
   "marketTermType": 360,
   "passThroughRate": 3.5,
   "productId": {
      "identifier": 5,
      "sourceType": "PU",
      "type": "MBS"
   },
   "productNameCode": "G230",
   "settlementDate": "2018-01-22"
},
 {
   "buySellIndicator": "Buy",
   "effectiveDate": "2017-09-14",
   "marketTermType": 360,
   "passThroughRate": 3.5,
   "productId": {
      "identifier": 5,
      "sourceType": "PU",
      "type": "MBS"
   },
   "productNameCode": "G230",
   "settlementDate": "2018-02-21"
},
 {
   "buySellIndicator": "Buy",
   "effectiveDate": "2017-09-14",
   "marketTermType": 360,
   "passThroughRate": 3.5,
   "productId": {
      "identifier": 5,
      "sourceType": "PU",
      "type": "MBS"
   },
   "productNameCode": "G230",
   "settlementDate": "2018-03-20"
},
 {
   "buySellIndicator": "Buy",
   "effectiveDate": "2017-09-14",
   "marketTermType": 360,
   "passThroughRate": 3.5,
   "productId": {
      "identifier": 5,
      "sourceType": "PU",
      "type": "MBS"
   },
   "productNameCode": "G230",
   "settlementDate": "2018-04-19"
},
 {
   "buySellIndicator": "Buy",
   "effectiveDate": "2017-09-14",
   "marketTermType": 360,
   "passThroughRate": 4,
   "productId": {
      "identifier": 5,
      "sourceType": "PU",
      "type": "MBS"
   },
   "productNameCode": "G230",
   "settlementDate": "2017-11-20"
},
 {
   "buySellIndicator": "Buy",
   "effectiveDate": "2017-09-14",
   "marketTermType": 360,
   "passThroughRate": 4,
   "productId": {
      "identifier": 5,
      "sourceType": "PU",
      "type": "MBS"
   },
   "productNameCode": "G230",
   "settlementDate": "2017-12-20"
},
 {
   "buySellIndicator": "Buy",
   "effectiveDate": "2017-09-14",
   "marketTermType": 360,
   "passThroughRate": 4,
   "productId": {
      "identifier": 5,
      "sourceType": "PU",
      "type": "MBS"
   },
   "productNameCode": "G230",
   "settlementDate": "2018-01-22"
},
 {
   "buySellIndicator": "Buy",
   "effectiveDate": "2017-09-14",
   "marketTermType": 360,
   "passThroughRate": 4,
   "productId": {
      "identifier": 5,
      "sourceType": "PU",
      "type": "MBS"
   },
   "productNameCode": "G230",
   "settlementDate": "2018-02-21"
},
 {
   "buySellIndicator": "Buy",
   "effectiveDate": "2017-09-14",
   "marketTermType": 360,
   "passThroughRate": 4,
   "productId": {
      "identifier": 5,
      "sourceType": "PU",
      "type": "MBS"
   },
   "productNameCode": "G230",
   "settlementDate": "2018-03-20"
},
 {
   "buySellIndicator": "Buy",
   "effectiveDate": "2017-09-14",
   "marketTermType": 360,
   "passThroughRate": 4,
   "productId": {
      "identifier": 5,
      "sourceType": "PU",
      "type": "MBS"
   },
   "productNameCode": "G230",
   "settlementDate": "2018-04-19"
},
 {
   "buySellIndicator": "Buy",
   "effectiveDate": "2017-09-14",
   "marketTermType": 360,
   "passThroughRate": 4.5,
   "productId": {
      "identifier": 5,
      "sourceType": "PU",
      "type": "MBS"
   },
   "productNameCode": "G230",
   "settlementDate": "2017-11-20"
},
 {
   "buySellIndicator": "Buy",
   "effectiveDate": "2017-09-14",
   "marketTermType": 360,
   "passThroughRate": 4.5,
   "productId": {
      "identifier": 5,
      "sourceType": "PU",
      "type": "MBS"
   },
   "productNameCode": "G230",
   "settlementDate": "2017-12-20"
},
 {
   "buySellIndicator": "Buy",
   "effectiveDate": "2017-09-14",
   "marketTermType": 360,
   "passThroughRate": 4.5,
   "productId": {
      "identifier": 5,
      "sourceType": "PU",
      "type": "MBS"
   },
   "productNameCode": "G230",
   "settlementDate": "2018-01-22"
},
 {
   "buySellIndicator": "Buy",
   "effectiveDate": "2017-09-14",
   "marketTermType": 360,
   "passThroughRate": 4.5,
   "productId": {
      "identifier": 5,
      "sourceType": "PU",
      "type": "MBS"
   },
   "productNameCode": "G230",
   "settlementDate": "2018-02-21"
},
 {
   "buySellIndicator": "Buy",
   "effectiveDate": "2017-09-14",
   "marketTermType": 360,
   "passThroughRate": 4.5,
   "productId": {
      "identifier": 5,
      "sourceType": "PU",
      "type": "MBS"
   },
   "productNameCode": "G230",
   "settlementDate": "2018-03-20"
},
 {
   "buySellIndicator": "Buy",
   "effectiveDate": "2017-09-14",
   "marketTermType": 360,
   "passThroughRate": 4.5,
   "productId": {
      "identifier": 5,
      "sourceType": "PU",
      "type": "MBS"
   },
   "productNameCode": "G230",
   "settlementDate": "2018-04-19"
},
 {
   "buySellIndicator": "Buy",
   "effectiveDate": "2017-09-14",
   "marketTermType": 360,
   "passThroughRate": 5,
   "productId": {
      "identifier": 5,
      "sourceType": "PU",
      "type": "MBS"
   },
   "productNameCode": "G230",
   "settlementDate": "2017-11-20"
},
 {
   "buySellIndicator": "Buy",
   "effectiveDate": "2017-09-14",
   "marketTermType": 360,
   "passThroughRate": 5,
   "productId": {
      "identifier": 5,
      "sourceType": "PU",
      "type": "MBS"
   },
   "productNameCode": "G230",
   "settlementDate": "2017-12-20"
},
 {
   "buySellIndicator": "Buy",
   "effectiveDate": "2017-09-14",
   "marketTermType": 360,
   "passThroughRate": 5,
   "productId": {
      "identifier": 5,
      "sourceType": "PU",
      "type": "MBS"
   },
   "productNameCode": "G230",
   "settlementDate": "2018-01-22"
},
 {
   "buySellIndicator": "Buy",
   "effectiveDate": "2017-09-14",
   "marketTermType": 360,
   "passThroughRate": 5,
   "productId": {
      "identifier": 5,
      "sourceType": "PU",
      "type": "MBS"
   },
   "productNameCode": "G230",
   "settlementDate": "2018-02-21"
},
 {
   "buySellIndicator": "Buy",
   "effectiveDate": "2017-09-14",
   "marketTermType": 360,
   "passThroughRate": 5,
   "productId": {
      "identifier": 5,
      "sourceType": "PU",
      "type": "MBS"
   },
   "productNameCode": "G230",
   "settlementDate": "2018-03-20"
},
 {
   "buySellIndicator": "Buy",
   "effectiveDate": "2017-09-14",
   "marketTermType": 360,
   "passThroughRate": 5,
   "productId": {
      "identifier": 5,
      "sourceType": "PU",
      "type": "MBS"
   },
   "productNameCode": "G230",
   "settlementDate": "2018-04-19"
}
]</con:request><con:credentials><con:authType>No Authorization</con:authType></con:credentials><con:jmsConfig JMSDeliveryMode="PERSISTENT"/><con:jmsPropertyConfig/><con:parameters/></con:request></con:method><con:method name="ClearAllPricing" id="6a587a1b-51f0-44c7-9274-fdd70c1fb7d5" method="DELETE"><con:settings/><con:parameters/><con:request name="Request 1" id="f4893383-54ad-40e9-a01d-766e4518af94" mediaType="application/json" postQueryString="false"><con:settings><con:setting id="com.eviware.soapui.impl.wsdl.WsdlRequest@request-headers">&lt;xml-fragment xmlns:con="http://eviware.com/soapui/config">
  &lt;con:entry key="x-fnma-channel" value="web"/>
  &lt;con:entry key="x-fnma-sub-channel" value="MBSP"/>
  &lt;con:entry key="x-fnma-sessionid" value=""/>
&lt;/xml-fragment></con:setting></con:settings><con:endpoint>https://api.fanniemae.com/fmnapi</con:endpoint><con:request/><con:credentials><con:authType>No Authorization</con:authType></con:credentials><con:jmsConfig JMSDeliveryMode="PERSISTENT"/><con:jmsPropertyConfig/><con:parameters/></con:request></con:method></con:resource><con:resource name="LOAD-PROFILE" path="/mbsprofileentitlements" id="21a14dbc-d621-4248-9b84-ada96f4391b9"><con:settings/><con:parameters/><con:method name="Method 1" id="8b6dc179-6886-4af8-af86-6cc8cb5e517d" method="POST"><con:settings/><con:parameters/><con:request name="user_w0245mne" id="9e73e0a0-2da7-4a4b-8fd3-65cb3a859805" mediaType="application/json" postQueryString="false"><con:settings><con:setting id="com.eviware.soapui.impl.wsdl.WsdlRequest@request-headers">&lt;xml-fragment xmlns:con="http://eviware.com/soapui/config">
  &lt;con:entry key="x-fnma-channel" value="web"/>
  &lt;con:entry key="x-fnma-sub-channel" value="MBSP"/>
  &lt;con:entry key="x-fnma-sessionid" value=""/>
&lt;/xml-fragment></con:setting></con:settings><con:endpoint>https://api.fanniemae.com/fmnapi</con:endpoint><con:request>{
   "firstName": "MBSTest",
   "lastName": "Execute1",
   "userName": "w0245mne",
   "roles": [   {
      "name": "MBS Trade - Execute"
   }],
   "partyShortName":"TEST-I",
    "fannieMaeUser": false
}</con:request><con:credentials><con:authType>No Authorization</con:authType></con:credentials><con:jmsConfig JMSDeliveryMode="PERSISTENT"/><con:jmsPropertyConfig/><con:parameters/></con:request><con:request name="user_tdexec91" id="9e73e0a0-2da7-4a4b-8fd3-65cb3a859805" mediaType="application/json" postQueryString="false"><con:settings><con:setting id="com.eviware.soapui.impl.wsdl.WsdlRequest@request-headers">&lt;xml-fragment xmlns:con="http://eviware.com/soapui/config">
  &lt;con:entry key="x-fnma-channel" value="web"/>
  &lt;con:entry key="x-fnma-sub-channel" value="MBSP"/>
  &lt;con:entry key="x-fnma-sessionid" value=""/>
&lt;/xml-fragment></con:setting></con:settings><con:endpoint>https://api.fanniemae.com/fmnapi</con:endpoint><con:request>{
   "firstName": "ProdA",
   "lastName": "TraderExecute",
   "userName": "tdexec91",
   "roles": [   {
      "name": "FM Trader - Execute"
   }],
   "brsUserName":"w8mmbstr",
   "fannieMaeUser": true
}</con:request><con:credentials><con:authType>No Authorization</con:authType></con:credentials><con:jmsConfig JMSDeliveryMode="PERSISTENT"/><con:jmsPropertyConfig/><con:parameters/></con:request><con:request name="user_p3r11jnd" id="9e73e0a0-2da7-4a4b-8fd3-65cb3a859805" mediaType="application/json" postQueryString="false"><con:settings><con:setting id="com.eviware.soapui.impl.wsdl.WsdlRequest@request-headers">&lt;xml-fragment xmlns:con="http://eviware.com/soapui/config">
  &lt;con:entry key="x-fnma-channel" value="web"/>
  &lt;con:entry key="x-fnma-sub-channel" value="MBSP"/>
  &lt;con:entry key="x-fnma-sessionid" value=""/>
&lt;/xml-fragment></con:setting></con:settings><con:endpoint>https://api.fanniemae.com/fmnapi</con:endpoint><con:request>{
   "firstName": "Justin",
   "lastName": "Deaver",
   "userName": "p3r11jnd",
   "roles": [   {
      "name": "MBS Trade - Execute"
   }],
   "partyShortName":"MOVEMENTMGT-C",
    "fannieMaeUser": false
}</con:request><con:credentials><con:authType>No Authorization</con:authType></con:credentials><con:jmsConfig JMSDeliveryMode="PERSISTENT"/><con:jmsPropertyConfig/><con:parameters/></con:request><con:request name="user_p2uaas" id="9e73e0a0-2da7-4a4b-8fd3-65cb3a859805" mediaType="application/json" postQueryString="false"><con:settings><con:setting id="com.eviware.soapui.impl.wsdl.WsdlRequest@request-headers">&lt;xml-fragment xmlns:con="http://eviware.com/soapui/config">
  &lt;con:entry key="x-fnma-channel" value="web"/>
  &lt;con:entry key="x-fnma-sub-channel" value="MBSP"/>
  &lt;con:entry key="x-fnma-sessionid" value=""/>
&lt;/xml-fragment></con:setting></con:settings><con:endpoint>https://api.fanniemae.com/fmnapi</con:endpoint><con:request>{
   "firstName": "Arthur",
   "lastName": "Schultz",
   "userName": "p2uaas",
   "roles": [   {
      "name": "FM Trader - Execute"
   }],
   "brsUserName":"w8aschul",
   "fannieMaeUser": true
}</con:request><con:credentials><con:authType>No Authorization</con:authType></con:credentials><con:jmsConfig JMSDeliveryMode="PERSISTENT"/><con:jmsPropertyConfig/><con:parameters/></con:request><con:request name="user_w8esahad" id="9e73e0a0-2da7-4a4b-8fd3-65cb3a859805" mediaType="application/json" postQueryString="false"><con:settings><con:setting id="com.eviware.soapui.impl.wsdl.WsdlRequest@request-headers">&lt;xml-fragment xmlns:con="http://eviware.com/soapui/config">
  &lt;con:entry key="x-fnma-channel" value="web"/>
  &lt;con:entry key="x-fnma-sub-channel" value="MBSP"/>
  &lt;con:entry key="x-fnma-sessionid" value=""/>
&lt;/xml-fragment></con:setting></con:settings><con:endpoint>https://api.fanniemae.com/fmnapi</con:endpoint><con:request>{
   "firstName": "Eric",
   "lastName": "Sahadi",
   "userName": "gauers",
   "roles": [   {
      "name": "FM Trader - Execute"
   }],
   "brsUserName":"w8esahad",
   "fannieMaeUser": true
}</con:request><con:credentials><con:authType>No Authorization</con:authType></con:credentials><con:jmsConfig JMSDeliveryMode="PERSISTENT"/><con:jmsPropertyConfig/><con:parameters/></con:request><con:request name="user_w8adyson" id="9e73e0a0-2da7-4a4b-8fd3-65cb3a859805" mediaType="application/json" postQueryString="false"><con:settings><con:setting id="com.eviware.soapui.impl.wsdl.WsdlRequest@request-headers">&lt;xml-fragment xmlns:con="http://eviware.com/soapui/config">
  &lt;con:entry key="x-fnma-channel" value="web"/>
  &lt;con:entry key="x-fnma-sub-channel" value="MBSP"/>
  &lt;con:entry key="x-fnma-sessionid" value=""/>
&lt;/xml-fragment></con:setting></con:settings><con:endpoint>https://api.fanniemae.com/fmnapi</con:endpoint><con:request>{
   "firstName": "Ashley",
   "lastName": "Dyson",
   "userName": "w4uayd",
   "roles": [   {
      "name": "FM Trader - Execute"
   }],
   "brsUserName":"w8adyson",
   "fannieMaeUser": true
}</con:request><con:credentials><con:authType>No Authorization</con:authType></con:credentials><con:jmsConfig JMSDeliveryMode="PERSISTENT"/><con:jmsPropertyConfig/><con:parameters/></con:request></con:method></con:resource></con:interface><con:interface xsi:type="con:RestService" id="09d6b2cc-7685-4e3d-b597-640ffd67ee55" wadlVersion="http://wadl.dev.java.net/2009/02" name="https://api.fanniemae.com" type="rest" xmlns:xsi="http://www.w3.org/2001/XMLSchema-instance"><con:settings/><con:definitionCache/><con:endpoints><con:endpoint>https://api.fanniemae.com</con:endpoint></con:endpoints><con:resource name="VERIFY-PROFILE" path="/mbsprofileentitlements/tdexec91" id="63f7a2e1-7bba-4767-817e-5e4b4aef10a4"><con:settings/><con:parameters/><con:method name="tdexec91" id="c0549f63-3f34-44b2-ae81-f89da632c94c" method="GET"><con:settings/><con:parameters/><con:request name="Request 1" id="c3095eda-3ab5-4a0c-a244-08868edb1c57" mediaType="application/json"><con:settings><con:setting id="com.eviware.soapui.impl.wsdl.WsdlRequest@request-headers">&lt;xml-fragment xmlns:con="http://eviware.com/soapui/config">
  &lt;con:entry key="x-fnma-channel" value="web"/>
  &lt;con:entry key="x-fnma-sub-channel" value="MBSP"/>
  &lt;con:entry key="x-fnma-sessionid" value=""/>
&lt;/xml-fragment></con:setting></con:settings><con:endpoint>https://api.fanniemae.com/fmnapi</con:endpoint><con:request/><con:credentials><con:authType>No Authorization</con:authType></con:credentials><con:jmsConfig JMSDeliveryMode="PERSISTENT"/><con:jmsPropertyConfig/><con:parameters/></con:request></con:method></con:resource></con:interface><con:interface xsi:type="con:RestService" id="8e7a281c-20bd-45bd-adcb-70de00fb7816" wadlVersion="http://wadl.dev.java.net/2009/02" name="https://api.fanniemae.com" type="rest" xmlns:xsi="http://www.w3.org/2001/XMLSchema-instance"><con:settings/><con:definitionCache/><con:endpoints><con:endpoint>https://api.fanniemae.com</con:endpoint></con:endpoints><con:resource name="Mbsprofileentitlements" path="/mbsprofileentitlements" id="941b2df5-ff8e-4709-8ce4-683eb817b052"><con:settings/><con:parameters/><con:method name="Mbsprofileentitlements" id="bec9fdc6-019a-4baa-ae2c-bae0749f4331" method="DELETE"><con:settings/><con:parameters/><con:request name="ClearAllProfiles" id="3056067f-59c7-4173-87c0-3a53ca8fce38" mediaType="application/json" postQueryString="false"><con:settings><con:setting id="com.eviware.soapui.impl.wsdl.WsdlRequest@request-headers">&lt;xml-fragment xmlns:con="http://eviware.com/soapui/config">
  &lt;con:entry key="x-fnma-channel" value="web"/>
  &lt;con:entry key="x-fnma-sub-channel" value="MBSP"/>
  &lt;con:entry key="x-fnma-sessionid" value=""/>
&lt;/xml-fragment></con:setting></con:settings><con:endpoint>https://api.fanniemae.com/fmnapi</con:endpoint><con:request/><con:credentials><con:authType>No Authorization</con:authType></con:credentials><con:jmsConfig JMSDeliveryMode="PERSISTENT"/><con:jmsPropertyConfig/><con:parameters/></con:request></con:method></con:resource></con:interface><con:properties/><con:wssContainer/><con:oAuth2ProfileContainer/></con:soapui-project>