<?xml version="1.0" encoding="UTF-8"?>
<con:soapui-project id="15e9f0ad-17cc-43c7-a585-ddeb0737eaba" activeEnvironment="Default" name="MBSP-MVP1.1-L2-Patch-Support" resourceRoot="" soapui-version="5.2.1" abortOnError="false" runType="SEQUENTIAL" xmlns:con="http://eviware.com/soapui/config"><con:settings/><con:interface xsi:type="con:RestService" id="b2be76cb-1ad2-4e63-add4-b011b0a6bb6d" wadlVersion="http://wadl.dev.java.net/2009/02" name="https://api.fanniemae.com" type="rest" xmlns:xsi="http://www.w3.org/2001/XMLSchema-instance"><con:settings/><con:definitionCache/><con:endpoints><con:endpoint>https://api.fanniemae.com/fmnapi</con:endpoint></con:endpoints><con:resource name="Mbs-Profile-Entitlements" path="/mbsprofileentitlements" id="fb18dddf-986e-4d4e-937c-fed4190bf0b6"><con:settings/><con:parameters/><con:method name="Mbs-Profile-Entitlements" id="26271d92-0a8a-4b0d-a4ab-ad9e6c911d44" method="POST"><con:settings/><con:parameters/><con:representation type="RESPONSE"><con:mediaType>application/json;charset=UTF-8</con:mediaType><con:status>200</con:status><con:params/><con:element xmlns:mbs="https://mbsp-acpt-eb-01-webapp.e003.fanniemae.com/mbsprofileentitlements">mbs:Response</con:element></con:representation><con:representation type="REQUEST"><con:mediaType>application/json</con:mediaType><con:params/></con:representation><con:representation type="FAULT"><con:mediaType>application/json;charset=UTF-8</con:mediaType><con:status>405 400</con:status><con:params/><con:element xmlns:mbs="https://mbsp-acpt-eb-01-webapp.e003.fanniemae.com/mbsprofileentitlements">mbs:Fault</con:element></con:representation><con:request name="Admin-admin91" id="ded0afc8-a4cc-4fd4-8379-470d7a3950da" mediaType="application/json" postQueryString="false"><con:settings><con:setting id="com.eviware.soapui.impl.wsdl.WsdlRequest@request-headers">&lt;xml-fragment xmlns:con="http://eviware.com/soapui/config">
  &lt;con:entry key="x-fnma-channel" value="web"/>
  &lt;con:entry key="x-fnma-sub-channel" value="MBSP"/>
  &lt;con:entry key="x-fnma-sessionid" value=""/>
&lt;/xml-fragment></con:setting></con:settings><con:endpoint>https://api.fanniemae.com/fmnapi</con:endpoint><con:request>{
  "firstName": "ProdA",
  "lastName": "Admin",
  "userName": "admin91",
  "roles": [
    {
      "name": "Administrator"
    }
  ],
  "brsUserName": "w8mmbstr",
  "fannieMaeUser": true
}</con:request><con:originalUri>https://mbsp-acpt-eb-01-webapp.e003.fanniemae.com/mbsprofileentitlements</con:originalUri><con:credentials><con:authType>No Authorization</con:authType></con:credentials><con:jmsConfig JMSDeliveryMode="PERSISTENT"/><con:jmsPropertyConfig/><con:parameters/></con:request><con:request name="Admin-admin92" id="ded0afc8-a4cc-4fd4-8379-470d7a3950da" mediaType="application/json" postQueryString="false"><con:settings><con:setting id="com.eviware.soapui.impl.wsdl.WsdlRequest@request-headers">&lt;xml-fragment xmlns:con="http://eviware.com/soapui/config">
  &lt;con:entry key="x-fnma-channel" value="web"/>
  &lt;con:entry key="x-fnma-sub-channel" value="MBSP"/>
  &lt;con:entry key="x-fnma-sessionid" value=""/>
&lt;/xml-fragment></con:setting></con:settings><con:endpoint>https://api.fanniemae.com/fmnapi</con:endpoint><con:request>{
  "firstName": "ProdB",
  "lastName": "AdminB",
  "userName": "admin92",
  "roles": [
    {
      "name": "Administrator"
    }
  ],
  "brsUserName": "w8mmbstr",
  "fannieMaeUser": true
}</con:request><con:originalUri>https://mbsp-acpt-eb-01-webapp.e003.fanniemae.com/mbsprofileentitlements</con:originalUri><con:credentials><con:authType>No Authorization</con:authType></con:credentials><con:jmsConfig JMSDeliveryMode="PERSISTENT"/><con:jmsPropertyConfig/><con:parameters/></con:request><con:request name="Admin-admin93" id="ded0afc8-a4cc-4fd4-8379-470d7a3950da" mediaType="application/json" postQueryString="false"><con:settings><con:setting id="com.eviware.soapui.impl.wsdl.WsdlRequest@request-headers">&lt;xml-fragment xmlns:con="http://eviware.com/soapui/config">
  &lt;con:entry key="x-fnma-channel" value="web"/>
  &lt;con:entry key="x-fnma-sub-channel" value="MBSP"/>
  &lt;con:entry key="x-fnma-sessionid" value=""/>
&lt;/xml-fragment></con:setting></con:settings><con:endpoint>https://api.fanniemae.com/fmnapi</con:endpoint><con:request>{
  "firstName": "ProdC",
  "lastName": "AdminC",
  "userName": "admin93",
  "roles": [
    {
      "name": "Administrator"
    }
  ],
  "brsUserName": "w8mmbstr",
  "fannieMaeUser": true
}</con:request><con:originalUri>https://mbsp-acpt-eb-01-webapp.e003.fanniemae.com/mbsprofileentitlements</con:originalUri><con:credentials><con:authType>No Authorization</con:authType></con:credentials><con:jmsConfig JMSDeliveryMode="PERSISTENT"/><con:jmsPropertyConfig/><con:parameters/></con:request><con:request name="Trader-Test-tdexec92" id="ded0afc8-a4cc-4fd4-8379-470d7a3950da" mediaType="application/json" postQueryString="false"><con:settings><con:setting id="com.eviware.soapui.impl.wsdl.WsdlRequest@request-headers">&lt;xml-fragment xmlns:con="http://eviware.com/soapui/config">
  &lt;con:entry key="x-fnma-channel" value="web"/>
  &lt;con:entry key="x-fnma-sub-channel" value="MBSP"/>
  &lt;con:entry key="x-fnma-sessionid" value=""/>
&lt;/xml-fragment></con:setting></con:settings><con:endpoint>https://api.fanniemae.com/fmnapi</con:endpoint><con:request>{
  "firstName": "ProdB",
  "lastName": "TraderExecute",
  "userName": "tdexec92",
  "roles": [
    {
      "name": "FM Trader - Execute"
    }
  ],
  "brsUserName": "w8mmbstr",
  "fannieMaeUser": true
}</con:request><con:originalUri>https://mbsp-acpt-eb-01-webapp.e003.fanniemae.com/mbsprofileentitlements</con:originalUri><con:credentials><con:authType>No Authorization</con:authType></con:credentials><con:jmsConfig JMSDeliveryMode="PERSISTENT"/><con:jmsPropertyConfig/><con:parameters/></con:request><con:request name="Trader-Test-tdexec93" id="ded0afc8-a4cc-4fd4-8379-470d7a3950da" mediaType="application/json" postQueryString="false"><con:settings><con:setting id="com.eviware.soapui.impl.wsdl.WsdlRequest@request-headers">&lt;xml-fragment xmlns:con="http://eviware.com/soapui/config">
  &lt;con:entry key="x-fnma-channel" value="web"/>
  &lt;con:entry key="x-fnma-sub-channel" value="MBSP"/>
  &lt;con:entry key="x-fnma-sessionid" value=""/>
&lt;/xml-fragment></con:setting></con:settings><con:endpoint>https://api.fanniemae.com/fmnapi</con:endpoint><con:request>{
  "firstName": "ProdC",
  "lastName": "TraderExecute",
  "userName": "tdexec93",
  "roles": [
    {
      "name": "FM Trader - Execute"
    }
  ],
  "brsUserName": "w8mmbstr",
  "fannieMaeUser": true
}</con:request><con:originalUri>https://mbsp-acpt-eb-01-webapp.e003.fanniemae.com/mbsprofileentitlements</con:originalUri><con:credentials><con:authType>No Authorization</con:authType></con:credentials><con:jmsConfig JMSDeliveryMode="PERSISTENT"/><con:jmsPropertyConfig/><con:parameters/></con:request></con:method></con:resource></con:interface><con:properties/><con:wssContainer/><con:oAuth2ProfileContainer/></con:soapui-project>