<?xml version="1.0" encoding="UTF-8"?>
<con:soapui-project id="6319b278-98c5-4e8c-8283-7f9c1df2f8b3" activeEnvironment="Default" name="MBSP-R2.5-L2-Support" resourceRoot="" soapui-version="5.2.1" xmlns:con="http://eviware.com/soapui/config"><con:settings/><con:interface xsi:type="con:RestService" id="0ced43ec-d6d0-48d1-8b18-0319acbc8144" wadlVersion="http://wadl.dev.java.net/2009/02" name="https://mbsp-prod-eb-01-webapp.us-east-1.e001.fanniemae.com" type="rest" xmlns:xsi="http://www.w3.org/2001/XMLSchema-instance"><con:settings/><con:definitionCache/><con:endpoints><con:endpoint>https://mbsp-prod-eb-01-webapp.us-east-1.e001.fanniemae.com</con:endpoint></con:endpoints><con:resource name="LOAD-PARTY" path="/mbsparty" id="ffb7b6bb-b108-4b98-8c19-ade3fee55f88"><con:settings/><con:parameters/><con:method name="Method 1" id="153e73f2-b54d-4631-ade4-b084407b52a6" method="POST"><con:settings/><con:parameters/><con:request name="Request 1" id="c4dba3eb-7875-4a2b-85d1-603bc0c44db4" mediaType="application/json" postQueryString="false"><con:settings><con:setting id="com.eviware.soapui.impl.wsdl.WsdlRequest@request-headers">&lt;xml-fragment xmlns:con="http://eviware.com/soapui/config">
  &lt;con:entry key="x-fnma-channel" value="web"/>
  &lt;con:entry key="x-fnma-sub-channel" value="MBSP"/>
  &lt;con:entry key="x-fnma-sessionid" value=""/>
&lt;/xml-fragment></con:setting></con:settings><con:endpoint>https://mbsp-prod-eb-01-webapp.us-east-1.e001.fanniemae.com</con:endpoint><con:request/><con:credentials><con:authType>No Authorization</con:authType></con:credentials><con:jmsConfig JMSDeliveryMode="PERSISTENT"/><con:jmsPropertyConfig/><con:parameters/></con:request></con:method></con:resource><con:resource name="LOAD-EXCEPTION" path="/mbsexceptions" id="ffb7b6bb-b108-4b98-8c19-ade3fee55f88"><con:settings/><con:parameters/><con:method name="Method 1" id="153e73f2-b54d-4631-ade4-b084407b52a6" method="POST"><con:settings/><con:parameters/><con:request name="Request 1" id="c4dba3eb-7875-4a2b-85d1-603bc0c44db4" mediaType="application/json" postQueryString="false"><con:settings><con:setting id="com.eviware.soapui.impl.wsdl.WsdlRequest@request-headers">&lt;xml-fragment xmlns:con="http://eviware.com/soapui/config">
  &lt;con:entry key="x-fnma-channel" value="web"/>
  &lt;con:entry key="x-fnma-sub-channel" value="MBSP"/>
  &lt;con:entry key="x-fnma-sessionid" value=""/>
&lt;/xml-fragment></con:setting></con:settings><con:endpoint>https://mbsp-prod-eb-01-webapp.us-east-1.e001.fanniemae.com</con:endpoint><con:request/><con:credentials><con:authType>No Authorization</con:authType></con:credentials><con:jmsConfig JMSDeliveryMode="PERSISTENT"/><con:jmsPropertyConfig/><con:parameters/></con:request></con:method></con:resource><con:resource name="LOAD-CONFIG" path="/mbsconfig" id="ffb7b6bb-b108-4b98-8c19-ade3fee55f88"><con:settings/><con:parameters/><con:method name="Method 1" id="153e73f2-b54d-4631-ade4-b084407b52a6" method="POST"><con:settings/><con:parameters/><con:request name="Request 1" id="c4dba3eb-7875-4a2b-85d1-603bc0c44db4" mediaType="application/json" postQueryString="false"><con:settings><con:setting id="com.eviware.soapui.impl.wsdl.WsdlRequest@request-headers">&lt;xml-fragment xmlns:con="http://eviware.com/soapui/config">
  &lt;con:entry key="x-fnma-channel" value="web"/>
  &lt;con:entry key="x-fnma-sub-channel" value="MBSP"/>
  &lt;con:entry key="x-fnma-sessionid" value=""/>
&lt;/xml-fragment></con:setting></con:settings><con:endpoint>https://mbsp-prod-eb-01-webapp.us-east-1.e001.fanniemae.com</con:endpoint><con:request/><con:credentials><con:authType>No Authorization</con:authType></con:credentials><con:jmsConfig JMSDeliveryMode="PERSISTENT"/><con:jmsPropertyConfig/><con:parameters/></con:request></con:method></con:resource></con:interface><con:properties/><con:wssContainer/><con:oAuth2ProfileContainer/></con:soapui-project>