<ESBConfig>
	<EMSConfiguration>
		<EMSProperties>emsconfig.properties</EMSProperties>

		<!-- DESTINATIONS -->
		<!-- ESBClient needs the 5 standard queues/topics defined. ODS is only
                really using NOTIFY to notify CLE and SUBSCRIBE.IN to receive incoming messages -->

		<Destination jmstype="TOPIC" esbtype="OUT"
					 name="FNM.FMN.MSR00261.MBSPORTAL.ODS_A.V1.OUT.MT1" />

		<!-- To receive incoming messages in ODS, EFSS and GPP/TCM -->
		<Destination jmstype="QUEUE" esbtype="SUBSCRIBED.IN" name="FNM.FMN.MSR00261.MBSPORTAL.ODS_A.V1.SUBSCRIBED.IN"></Destination>
		<Destination jmstype="QUEUE" esbtype="SUSPEND" name="FNM.FMN.MSR00261.MBSPORTAL.ODS_A.V1.SUBSCRIBED.SUSPEND"/>
		<Destination jmstype="QUEUE" esbtype="SYNCRESPONSE.IN" name="FNM.FMN.MSR00261.MBSPORTAL.ODS_A.V1.SUBSCRIBED.SYNCRESPONSE.IN"/>

		<!-- To send messags to CLE -->
		<Destination jmstype="TOPIC" esbtype="NOTIFY"
					 name="FNM.FMN.MSR00261.MBSPORTAL.ODS_A.V1.NOTIFY" />
					 
					 
		<ClientCredentialsClass>com.fanniemae.mbsportal.util.MBSEsbClientCredentials</ClientCredentialsClass>
	</EMSConfiguration>
	<EventConfiguration>
		<Producer>mbspprod</Producer>
		<ApplicationId>MBSPORTAL</ApplicationId>
		<InitiatingUserId>NONE</InitiatingUserId>
		<AuthorizationSource>NONE</AuthorizationSource>
	</EventConfiguration>
</ESBConfig>
